,hh_village_code,hh_reserve_section,n,Question,Value,survey,topic
1,1,PARCELLE I,68,Do you have a mosquito net?,68,test,Mosquito Nets
2,1,PARCELLE I,68,Do you own a net to scare mosquitos?,68,test,Mosquito Nets
3,1,PARCELLE I,68,Do you own a net to fish?,0,test,Mosquito Nets
4,1,PARCELLE I,68,Do you own a net to catch poultry?,0,test,Mosquito Nets
5,1,PARCELLE I,68,Do you own a net for other reasons?,2,test,Mosquito Nets
6,1,PARCELLE I,68,Do you avoid mosquitos with other ways?,2,test,Mosquito Nets
7,1,PARCELLE I,68,Do you use spray to avoid mosquitos?,0,test,Mosquito Nets
8,1,PARCELLE I,68,Do you remove puddles to avoid mosquitos?,0,test,Mosquito Nets
9,1,PARCELLE I,68,Do you remove mosquito bushes to avoid mosquitos?,0,test,Mosquito Nets
10,1,PARCELLE I,68,Do you use repellent to avoid mosquitos?,0,test,Mosquito Nets
11,1,PARCELLE I,68,Do you use a mosquito net when you sleep?,63,test,Mosquito Nets
12,1,PARCELLE I,68,How many mosquito nets do you have?,2.058823529,test,Mosquito Nets
13,1,PARCELLE I,68,People who have not responded to where they got their nets,65,test,Mosquito Nets
14,1,PARCELLE I,68,People who got their nets from a street/shop/market,3,test,Mosquito Nets
15,1,PARCELLE I,68,People who got their net from a community officer,NA,test,Mosquito Nets
16,1,PARCELLE I,68,People who dont know where they got their nets,NA,test,Mosquito Nets
17,1,PARCELLE I,68,People who got their net from a public health center,NA,test,Mosquito Nets
18,1,PARCELLE I,68,People who got their net from other places,NA,test,Mosquito Nets
19,1,PARCELLE I,68,People who got their net from a private health center,NA,test,Mosquito Nets
20,1,PARCELLE I,68,People who got their net through an MID campaign,65,test,Mosquito Nets
21,1,PARCELLE I,68,People who did not get a net,3,test,Mosquito Nets
22,1,PARCELLE I,68,People who got a net through CPN,NA,test,Mosquito Nets
23,1,PARCELLE I,68,People who got a net through a vaccination visit,NA,test,Mosquito Nets
24,1,PARCELLE I,68,People who dont know where they got their net,NA,test,Mosquito Nets
25,1,PARCELLE I,68,People who use Permanet brand,59,test,Mosquito Nets
26,1,PARCELLE I,68,People who use other brands,NA,test,Mosquito Nets
27,1,PARCELLE I,68,People who use Yorkool,4,test,Mosquito Nets
28,1,PARCELLE I,68,People who use Super Moustiquaire,5,test,Mosquito Nets
29,1,PARCELLE I,68,People who use Tsaralay,NA,test,Mosquito Nets
30,1,PARCELLE I,68,People who dont know what brand they use,NA,test,Mosquito Nets
31,1,PARCELLE I,68,People who use Royal Sentry,NA,test,Mosquito Nets
32,1,PARCELLE I,68,People who use Olyset,NA,test,Mosquito Nets
33,1,PARCELLE I,68,People who use Bestnet,NA,test,Mosquito Nets
34,1,PARCELLE I,68,People who use interceptor,NA,test,Mosquito Nets
35,10,PARCELLE I,51,Do you have a mosquito net?,51,test,Mosquito Nets
36,10,PARCELLE I,51,Do you own a net to scare mosquitos?,51,test,Mosquito Nets
37,10,PARCELLE I,51,Do you own a net to fish?,0,test,Mosquito Nets
38,10,PARCELLE I,51,Do you own a net to catch poultry?,0,test,Mosquito Nets
39,10,PARCELLE I,51,Do you own a net for other reasons?,0,test,Mosquito Nets
40,10,PARCELLE I,51,Do you avoid mosquitos with other ways?,0,test,Mosquito Nets
41,10,PARCELLE I,51,Do you use spray to avoid mosquitos?,0,test,Mosquito Nets
42,10,PARCELLE I,51,Do you remove puddles to avoid mosquitos?,0,test,Mosquito Nets
43,10,PARCELLE I,51,Do you remove mosquito bushes to avoid mosquitos?,0,test,Mosquito Nets
44,10,PARCELLE I,51,Do you use repellent to avoid mosquitos?,0,test,Mosquito Nets
45,10,PARCELLE I,51,Do you use a mosquito net when you sleep?,49,test,Mosquito Nets
46,10,PARCELLE I,51,How many mosquito nets do you have?,2.215686275,test,Mosquito Nets
47,10,PARCELLE I,51,People who have not responded to where they got their nets,51,test,Mosquito Nets
48,10,PARCELLE I,51,People who got their nets from a street/shop/market,NA,test,Mosquito Nets
49,10,PARCELLE I,51,People who got their net from a community officer,NA,test,Mosquito Nets
50,10,PARCELLE I,51,People who dont know where they got their nets,NA,test,Mosquito Nets
51,10,PARCELLE I,51,People who got their net from a public health center,NA,test,Mosquito Nets
52,10,PARCELLE I,51,People who got their net from other places,NA,test,Mosquito Nets
53,10,PARCELLE I,51,People who got their net from a private health center,NA,test,Mosquito Nets
54,10,PARCELLE I,51,People who got their net through an MID campaign,51,test,Mosquito Nets
55,10,PARCELLE I,51,People who did not get a net,NA,test,Mosquito Nets
56,10,PARCELLE I,51,People who got a net through CPN,NA,test,Mosquito Nets
57,10,PARCELLE I,51,People who got a net through a vaccination visit,NA,test,Mosquito Nets
58,10,PARCELLE I,51,People who dont know where they got their net,NA,test,Mosquito Nets
59,10,PARCELLE I,51,People who use Permanet brand,50,test,Mosquito Nets
60,10,PARCELLE I,51,People who use other brands,NA,test,Mosquito Nets
61,10,PARCELLE I,51,People who use Yorkool,NA,test,Mosquito Nets
62,10,PARCELLE I,51,People who use Super Moustiquaire,NA,test,Mosquito Nets
63,10,PARCELLE I,51,People who use Tsaralay,NA,test,Mosquito Nets
64,10,PARCELLE I,51,People who dont know what brand they use,1,test,Mosquito Nets
65,10,PARCELLE I,51,People who use Royal Sentry,NA,test,Mosquito Nets
66,10,PARCELLE I,51,People who use Olyset,NA,test,Mosquito Nets
67,10,PARCELLE I,51,People who use Bestnet,NA,test,Mosquito Nets
68,10,PARCELLE I,51,People who use interceptor,NA,test,Mosquito Nets
69,14,FORET CLASSEE,108,Do you have a mosquito net?,108,test,Mosquito Nets
70,14,FORET CLASSEE,108,Do you own a net to scare mosquitos?,108,test,Mosquito Nets
71,14,FORET CLASSEE,108,Do you own a net to fish?,4,test,Mosquito Nets
72,14,FORET CLASSEE,108,Do you own a net to catch poultry?,8,test,Mosquito Nets
73,14,FORET CLASSEE,108,Do you own a net for other reasons?,16,test,Mosquito Nets
74,14,FORET CLASSEE,108,Do you avoid mosquitos with other ways?,0,test,Mosquito Nets
75,14,FORET CLASSEE,108,Do you use spray to avoid mosquitos?,0,test,Mosquito Nets
76,14,FORET CLASSEE,108,Do you remove puddles to avoid mosquitos?,0,test,Mosquito Nets
77,14,FORET CLASSEE,108,Do you remove mosquito bushes to avoid mosquitos?,0,test,Mosquito Nets
78,14,FORET CLASSEE,108,Do you use repellent to avoid mosquitos?,0,test,Mosquito Nets
79,14,FORET CLASSEE,108,Do you use a mosquito net when you sleep?,101,test,Mosquito Nets
80,14,FORET CLASSEE,108,How many mosquito nets do you have?,2.074074074,test,Mosquito Nets
81,14,FORET CLASSEE,108,People who have not responded to where they got their nets,104,test,Mosquito Nets
82,14,FORET CLASSEE,108,People who got their nets from a street/shop/market,3,test,Mosquito Nets
83,14,FORET CLASSEE,108,People who got their net from a community officer,NA,test,Mosquito Nets
84,14,FORET CLASSEE,108,People who dont know where they got their nets,1,test,Mosquito Nets
85,14,FORET CLASSEE,108,People who got their net from a public health center,NA,test,Mosquito Nets
86,14,FORET CLASSEE,108,People who got their net from other places,NA,test,Mosquito Nets
87,14,FORET CLASSEE,108,People who got their net from a private health center,NA,test,Mosquito Nets
88,14,FORET CLASSEE,108,People who got their net through an MID campaign,103,test,Mosquito Nets
89,14,FORET CLASSEE,108,People who did not get a net,2,test,Mosquito Nets
90,14,FORET CLASSEE,108,People who got a net through CPN,1,test,Mosquito Nets
91,14,FORET CLASSEE,108,People who got a net through a vaccination visit,NA,test,Mosquito Nets
92,14,FORET CLASSEE,108,People who dont know where they got their net,2,test,Mosquito Nets
93,14,FORET CLASSEE,108,People who use Permanet brand,99,test,Mosquito Nets
94,14,FORET CLASSEE,108,People who use other brands,2,test,Mosquito Nets
95,14,FORET CLASSEE,108,People who use Yorkool,NA,test,Mosquito Nets
96,14,FORET CLASSEE,108,People who use Super Moustiquaire,NA,test,Mosquito Nets
97,14,FORET CLASSEE,108,People who use Tsaralay,NA,test,Mosquito Nets
98,14,FORET CLASSEE,108,People who dont know what brand they use,7,test,Mosquito Nets
99,14,FORET CLASSEE,108,People who use Royal Sentry,NA,test,Mosquito Nets
100,14,FORET CLASSEE,108,People who use Olyset,NA,test,Mosquito Nets
101,14,FORET CLASSEE,108,People who use Bestnet,NA,test,Mosquito Nets
102,14,FORET CLASSEE,108,People who use interceptor,NA,test,Mosquito Nets
103,15,FORET CLASSEE,141,Do you have a mosquito net?,141,test,Mosquito Nets
104,15,FORET CLASSEE,141,Do you own a net to scare mosquitos?,138,test,Mosquito Nets
105,15,FORET CLASSEE,141,Do you own a net to fish?,0,test,Mosquito Nets
106,15,FORET CLASSEE,141,Do you own a net to catch poultry?,4,test,Mosquito Nets
107,15,FORET CLASSEE,141,Do you own a net for other reasons?,3,test,Mosquito Nets
108,15,FORET CLASSEE,141,Do you avoid mosquitos with other ways?,0,test,Mosquito Nets
109,15,FORET CLASSEE,141,Do you use spray to avoid mosquitos?,0,test,Mosquito Nets
110,15,FORET CLASSEE,141,Do you remove puddles to avoid mosquitos?,0,test,Mosquito Nets
111,15,FORET CLASSEE,141,Do you remove mosquito bushes to avoid mosquitos?,0,test,Mosquito Nets
112,15,FORET CLASSEE,141,Do you use repellent to avoid mosquitos?,0,test,Mosquito Nets
113,15,FORET CLASSEE,141,Do you use a mosquito net when you sleep?,130,test,Mosquito Nets
114,15,FORET CLASSEE,141,How many mosquito nets do you have?,2.687943262,test,Mosquito Nets
115,15,FORET CLASSEE,141,People who have not responded to where they got their nets,138,test,Mosquito Nets
116,15,FORET CLASSEE,141,People who got their nets from a street/shop/market,2,test,Mosquito Nets
117,15,FORET CLASSEE,141,People who got their net from a community officer,NA,test,Mosquito Nets
118,15,FORET CLASSEE,141,People who dont know where they got their nets,NA,test,Mosquito Nets
119,15,FORET CLASSEE,141,People who got their net from a public health center,1,test,Mosquito Nets
120,15,FORET CLASSEE,141,People who got their net from other places,NA,test,Mosquito Nets
121,15,FORET CLASSEE,141,People who got their net from a private health center,NA,test,Mosquito Nets
122,15,FORET CLASSEE,141,People who got their net through an MID campaign,138,test,Mosquito Nets
123,15,FORET CLASSEE,141,People who did not get a net,3,test,Mosquito Nets
124,15,FORET CLASSEE,141,People who got a net through CPN,NA,test,Mosquito Nets
125,15,FORET CLASSEE,141,People who got a net through a vaccination visit,NA,test,Mosquito Nets
126,15,FORET CLASSEE,141,People who dont know where they got their net,NA,test,Mosquito Nets
127,15,FORET CLASSEE,141,People who use Permanet brand,132,test,Mosquito Nets
128,15,FORET CLASSEE,141,People who use other brands,3,test,Mosquito Nets
129,15,FORET CLASSEE,141,People who use Yorkool,NA,test,Mosquito Nets
130,15,FORET CLASSEE,141,People who use Super Moustiquaire,1,test,Mosquito Nets
131,15,FORET CLASSEE,141,People who use Tsaralay,NA,test,Mosquito Nets
132,15,FORET CLASSEE,141,People who dont know what brand they use,4,test,Mosquito Nets
133,15,FORET CLASSEE,141,People who use Royal Sentry,NA,test,Mosquito Nets
134,15,FORET CLASSEE,141,People who use Olyset,NA,test,Mosquito Nets
135,15,FORET CLASSEE,141,People who use Bestnet,1,test,Mosquito Nets
136,15,FORET CLASSEE,141,People who use interceptor,NA,test,Mosquito Nets
137,16,FORET CLASSEE,134,Do you have a mosquito net?,134,test,Mosquito Nets
138,16,FORET CLASSEE,134,Do you own a net to scare mosquitos?,134,test,Mosquito Nets
139,16,FORET CLASSEE,134,Do you own a net to fish?,0,test,Mosquito Nets
140,16,FORET CLASSEE,134,Do you own a net to catch poultry?,2,test,Mosquito Nets
141,16,FORET CLASSEE,134,Do you own a net for other reasons?,0,test,Mosquito Nets
142,16,FORET CLASSEE,134,Do you avoid mosquitos with other ways?,11,test,Mosquito Nets
143,16,FORET CLASSEE,134,Do you use spray to avoid mosquitos?,0,test,Mosquito Nets
144,16,FORET CLASSEE,134,Do you remove puddles to avoid mosquitos?,0,test,Mosquito Nets
145,16,FORET CLASSEE,134,Do you remove mosquito bushes to avoid mosquitos?,0,test,Mosquito Nets
146,16,FORET CLASSEE,134,Do you use repellent to avoid mosquitos?,0,test,Mosquito Nets
147,16,FORET CLASSEE,134,Do you use a mosquito net when you sleep?,124,test,Mosquito Nets
148,16,FORET CLASSEE,134,How many mosquito nets do you have?,1.970149254,test,Mosquito Nets
149,16,FORET CLASSEE,134,People who have not responded to where they got their nets,131,test,Mosquito Nets
150,16,FORET CLASSEE,134,People who got their nets from a street/shop/market,3,test,Mosquito Nets
151,16,FORET CLASSEE,134,People who got their net from a community officer,NA,test,Mosquito Nets
152,16,FORET CLASSEE,134,People who dont know where they got their nets,NA,test,Mosquito Nets
153,16,FORET CLASSEE,134,People who got their net from a public health center,NA,test,Mosquito Nets
154,16,FORET CLASSEE,134,People who got their net from other places,NA,test,Mosquito Nets
155,16,FORET CLASSEE,134,People who got their net from a private health center,NA,test,Mosquito Nets
156,16,FORET CLASSEE,134,People who got their net through an MID campaign,130,test,Mosquito Nets
157,16,FORET CLASSEE,134,People who did not get a net,3,test,Mosquito Nets
158,16,FORET CLASSEE,134,People who got a net through CPN,1,test,Mosquito Nets
159,16,FORET CLASSEE,134,People who got a net through a vaccination visit,NA,test,Mosquito Nets
160,16,FORET CLASSEE,134,People who dont know where they got their net,NA,test,Mosquito Nets
161,16,FORET CLASSEE,134,People who use Permanet brand,124,test,Mosquito Nets
162,16,FORET CLASSEE,134,People who use other brands,NA,test,Mosquito Nets
163,16,FORET CLASSEE,134,People who use Yorkool,NA,test,Mosquito Nets
164,16,FORET CLASSEE,134,People who use Super Moustiquaire,2,test,Mosquito Nets
165,16,FORET CLASSEE,134,People who use Tsaralay,NA,test,Mosquito Nets
166,16,FORET CLASSEE,134,People who dont know what brand they use,8,test,Mosquito Nets
167,16,FORET CLASSEE,134,People who use Royal Sentry,NA,test,Mosquito Nets
168,16,FORET CLASSEE,134,People who use Olyset,NA,test,Mosquito Nets
169,16,FORET CLASSEE,134,People who use Bestnet,NA,test,Mosquito Nets
170,16,FORET CLASSEE,134,People who use interceptor,NA,test,Mosquito Nets
171,17,FORET CLASSEE,62,Do you have a mosquito net?,62,test,Mosquito Nets
172,17,FORET CLASSEE,62,Do you own a net to scare mosquitos?,62,test,Mosquito Nets
173,17,FORET CLASSEE,62,Do you own a net to fish?,1,test,Mosquito Nets
174,17,FORET CLASSEE,62,Do you own a net to catch poultry?,1,test,Mosquito Nets
175,17,FORET CLASSEE,62,Do you own a net for other reasons?,0,test,Mosquito Nets
176,17,FORET CLASSEE,62,Do you avoid mosquitos with other ways?,4,test,Mosquito Nets
177,17,FORET CLASSEE,62,Do you use spray to avoid mosquitos?,0,test,Mosquito Nets
178,17,FORET CLASSEE,62,Do you remove puddles to avoid mosquitos?,0,test,Mosquito Nets
179,17,FORET CLASSEE,62,Do you remove mosquito bushes to avoid mosquitos?,0,test,Mosquito Nets
180,17,FORET CLASSEE,62,Do you use repellent to avoid mosquitos?,0,test,Mosquito Nets
181,17,FORET CLASSEE,62,Do you use a mosquito net when you sleep?,54,test,Mosquito Nets
182,17,FORET CLASSEE,62,How many mosquito nets do you have?,2.064516129,test,Mosquito Nets
183,17,FORET CLASSEE,62,People who have not responded to where they got their nets,61,test,Mosquito Nets
184,17,FORET CLASSEE,62,People who got their nets from a street/shop/market,NA,test,Mosquito Nets
185,17,FORET CLASSEE,62,People who got their net from a community officer,1,test,Mosquito Nets
186,17,FORET CLASSEE,62,People who dont know where they got their nets,NA,test,Mosquito Nets
187,17,FORET CLASSEE,62,People who got their net from a public health center,NA,test,Mosquito Nets
188,17,FORET CLASSEE,62,People who got their net from other places,NA,test,Mosquito Nets
189,17,FORET CLASSEE,62,People who got their net from a private health center,NA,test,Mosquito Nets
190,17,FORET CLASSEE,62,People who got their net through an MID campaign,60,test,Mosquito Nets
191,17,FORET CLASSEE,62,People who did not get a net,1,test,Mosquito Nets
192,17,FORET CLASSEE,62,People who got a net through CPN,1,test,Mosquito Nets
193,17,FORET CLASSEE,62,People who got a net through a vaccination visit,NA,test,Mosquito Nets
194,17,FORET CLASSEE,62,People who dont know where they got their net,NA,test,Mosquito Nets
195,17,FORET CLASSEE,62,People who use Permanet brand,61,test,Mosquito Nets
196,17,FORET CLASSEE,62,People who use other brands,NA,test,Mosquito Nets
197,17,FORET CLASSEE,62,People who use Yorkool,NA,test,Mosquito Nets
198,17,FORET CLASSEE,62,People who use Super Moustiquaire,NA,test,Mosquito Nets
199,17,FORET CLASSEE,62,People who use Tsaralay,NA,test,Mosquito Nets
200,17,FORET CLASSEE,62,People who dont know what brand they use,1,test,Mosquito Nets
201,17,FORET CLASSEE,62,People who use Royal Sentry,NA,test,Mosquito Nets
202,17,FORET CLASSEE,62,People who use Olyset,NA,test,Mosquito Nets
203,17,FORET CLASSEE,62,People who use Bestnet,NA,test,Mosquito Nets
204,17,FORET CLASSEE,62,People who use interceptor,NA,test,Mosquito Nets
205,18,FORET CLASSEE,48,Do you have a mosquito net?,48,test,Mosquito Nets
206,18,FORET CLASSEE,48,Do you own a net to scare mosquitos?,48,test,Mosquito Nets
207,18,FORET CLASSEE,48,Do you own a net to fish?,2,test,Mosquito Nets
208,18,FORET CLASSEE,48,Do you own a net to catch poultry?,0,test,Mosquito Nets
209,18,FORET CLASSEE,48,Do you own a net for other reasons?,0,test,Mosquito Nets
210,18,FORET CLASSEE,48,Do you avoid mosquitos with other ways?,0,test,Mosquito Nets
211,18,FORET CLASSEE,48,Do you use spray to avoid mosquitos?,0,test,Mosquito Nets
212,18,FORET CLASSEE,48,Do you remove puddles to avoid mosquitos?,0,test,Mosquito Nets
213,18,FORET CLASSEE,48,Do you remove mosquito bushes to avoid mosquitos?,0,test,Mosquito Nets
214,18,FORET CLASSEE,48,Do you use repellent to avoid mosquitos?,0,test,Mosquito Nets
215,18,FORET CLASSEE,48,Do you use a mosquito net when you sleep?,44,test,Mosquito Nets
216,18,FORET CLASSEE,48,How many mosquito nets do you have?,2.208333333,test,Mosquito Nets
217,18,FORET CLASSEE,48,People who have not responded to where they got their nets,48,test,Mosquito Nets
218,18,FORET CLASSEE,48,People who got their nets from a street/shop/market,NA,test,Mosquito Nets
219,18,FORET CLASSEE,48,People who got their net from a community officer,NA,test,Mosquito Nets
220,18,FORET CLASSEE,48,People who dont know where they got their nets,NA,test,Mosquito Nets
221,18,FORET CLASSEE,48,People who got their net from a public health center,NA,test,Mosquito Nets
222,18,FORET CLASSEE,48,People who got their net from other places,NA,test,Mosquito Nets
223,18,FORET CLASSEE,48,People who got their net from a private health center,NA,test,Mosquito Nets
224,18,FORET CLASSEE,48,People who got their net through an MID campaign,48,test,Mosquito Nets
225,18,FORET CLASSEE,48,People who did not get a net,NA,test,Mosquito Nets
226,18,FORET CLASSEE,48,People who got a net through CPN,NA,test,Mosquito Nets
227,18,FORET CLASSEE,48,People who got a net through a vaccination visit,NA,test,Mosquito Nets
228,18,FORET CLASSEE,48,People who dont know where they got their net,NA,test,Mosquito Nets
229,18,FORET CLASSEE,48,People who use Permanet brand,46,test,Mosquito Nets
230,18,FORET CLASSEE,48,People who use other brands,2,test,Mosquito Nets
231,18,FORET CLASSEE,48,People who use Yorkool,NA,test,Mosquito Nets
232,18,FORET CLASSEE,48,People who use Super Moustiquaire,NA,test,Mosquito Nets
233,18,FORET CLASSEE,48,People who use Tsaralay,NA,test,Mosquito Nets
234,18,FORET CLASSEE,48,People who dont know what brand they use,NA,test,Mosquito Nets
235,18,FORET CLASSEE,48,People who use Royal Sentry,NA,test,Mosquito Nets
236,18,FORET CLASSEE,48,People who use Olyset,NA,test,Mosquito Nets
237,18,FORET CLASSEE,48,People who use Bestnet,NA,test,Mosquito Nets
238,18,FORET CLASSEE,48,People who use interceptor,NA,test,Mosquito Nets
239,19,FORET CLASSEE,8,Do you have a mosquito net?,8,test,Mosquito Nets
240,19,FORET CLASSEE,8,Do you own a net to scare mosquitos?,8,test,Mosquito Nets
241,19,FORET CLASSEE,8,Do you own a net to fish?,0,test,Mosquito Nets
242,19,FORET CLASSEE,8,Do you own a net to catch poultry?,0,test,Mosquito Nets
243,19,FORET CLASSEE,8,Do you own a net for other reasons?,0,test,Mosquito Nets
244,19,FORET CLASSEE,8,Do you avoid mosquitos with other ways?,0,test,Mosquito Nets
245,19,FORET CLASSEE,8,Do you use spray to avoid mosquitos?,0,test,Mosquito Nets
246,19,FORET CLASSEE,8,Do you remove puddles to avoid mosquitos?,0,test,Mosquito Nets
247,19,FORET CLASSEE,8,Do you remove mosquito bushes to avoid mosquitos?,0,test,Mosquito Nets
248,19,FORET CLASSEE,8,Do you use repellent to avoid mosquitos?,0,test,Mosquito Nets
249,19,FORET CLASSEE,8,Do you use a mosquito net when you sleep?,6,test,Mosquito Nets
250,19,FORET CLASSEE,8,How many mosquito nets do you have?,1.5,test,Mosquito Nets
251,19,FORET CLASSEE,8,People who have not responded to where they got their nets,8,test,Mosquito Nets
252,19,FORET CLASSEE,8,People who got their nets from a street/shop/market,NA,test,Mosquito Nets
253,19,FORET CLASSEE,8,People who got their net from a community officer,NA,test,Mosquito Nets
254,19,FORET CLASSEE,8,People who dont know where they got their nets,NA,test,Mosquito Nets
255,19,FORET CLASSEE,8,People who got their net from a public health center,NA,test,Mosquito Nets
256,19,FORET CLASSEE,8,People who got their net from other places,NA,test,Mosquito Nets
257,19,FORET CLASSEE,8,People who got their net from a private health center,NA,test,Mosquito Nets
258,19,FORET CLASSEE,8,People who got their net through an MID campaign,7,test,Mosquito Nets
259,19,FORET CLASSEE,8,People who did not get a net,NA,test,Mosquito Nets
260,19,FORET CLASSEE,8,People who got a net through CPN,1,test,Mosquito Nets
261,19,FORET CLASSEE,8,People who got a net through a vaccination visit,NA,test,Mosquito Nets
262,19,FORET CLASSEE,8,People who dont know where they got their net,NA,test,Mosquito Nets
263,19,FORET CLASSEE,8,People who use Permanet brand,4,test,Mosquito Nets
264,19,FORET CLASSEE,8,People who use other brands,NA,test,Mosquito Nets
265,19,FORET CLASSEE,8,People who use Yorkool,4,test,Mosquito Nets
266,19,FORET CLASSEE,8,People who use Super Moustiquaire,NA,test,Mosquito Nets
267,19,FORET CLASSEE,8,People who use Tsaralay,NA,test,Mosquito Nets
268,19,FORET CLASSEE,8,People who dont know what brand they use,NA,test,Mosquito Nets
269,19,FORET CLASSEE,8,People who use Royal Sentry,NA,test,Mosquito Nets
270,19,FORET CLASSEE,8,People who use Olyset,NA,test,Mosquito Nets
271,19,FORET CLASSEE,8,People who use Bestnet,NA,test,Mosquito Nets
272,19,FORET CLASSEE,8,People who use interceptor,NA,test,Mosquito Nets
273,2,PARCELLE I,40,Do you have a mosquito net?,40,test,Mosquito Nets
274,2,PARCELLE I,40,Do you own a net to scare mosquitos?,38,test,Mosquito Nets
275,2,PARCELLE I,40,Do you own a net to fish?,1,test,Mosquito Nets
276,2,PARCELLE I,40,Do you own a net to catch poultry?,1,test,Mosquito Nets
277,2,PARCELLE I,40,Do you own a net for other reasons?,2,test,Mosquito Nets
278,2,PARCELLE I,40,Do you avoid mosquitos with other ways?,2,test,Mosquito Nets
279,2,PARCELLE I,40,Do you use spray to avoid mosquitos?,0,test,Mosquito Nets
280,2,PARCELLE I,40,Do you remove puddles to avoid mosquitos?,0,test,Mosquito Nets
281,2,PARCELLE I,40,Do you remove mosquito bushes to avoid mosquitos?,0,test,Mosquito Nets
282,2,PARCELLE I,40,Do you use repellent to avoid mosquitos?,0,test,Mosquito Nets
283,2,PARCELLE I,40,Do you use a mosquito net when you sleep?,35,test,Mosquito Nets
284,2,PARCELLE I,40,How many mosquito nets do you have?,3.3,test,Mosquito Nets
285,2,PARCELLE I,40,People who have not responded to where they got their nets,38,test,Mosquito Nets
286,2,PARCELLE I,40,People who got their nets from a street/shop/market,1,test,Mosquito Nets
287,2,PARCELLE I,40,People who got their net from a community officer,NA,test,Mosquito Nets
288,2,PARCELLE I,40,People who dont know where they got their nets,NA,test,Mosquito Nets
289,2,PARCELLE I,40,People who got their net from a public health center,NA,test,Mosquito Nets
290,2,PARCELLE I,40,People who got their net from other places,1,test,Mosquito Nets
291,2,PARCELLE I,40,People who got their net from a private health center,NA,test,Mosquito Nets
292,2,PARCELLE I,40,People who got their net through an MID campaign,37,test,Mosquito Nets
293,2,PARCELLE I,40,People who did not get a net,2,test,Mosquito Nets
294,2,PARCELLE I,40,People who got a net through CPN,1,test,Mosquito Nets
295,2,PARCELLE I,40,People who got a net through a vaccination visit,NA,test,Mosquito Nets
296,2,PARCELLE I,40,People who dont know where they got their net,NA,test,Mosquito Nets
297,2,PARCELLE I,40,People who use Permanet brand,35,test,Mosquito Nets
298,2,PARCELLE I,40,People who use other brands,NA,test,Mosquito Nets
299,2,PARCELLE I,40,People who use Yorkool,NA,test,Mosquito Nets
300,2,PARCELLE I,40,People who use Super Moustiquaire,NA,test,Mosquito Nets
301,2,PARCELLE I,40,People who use Tsaralay,NA,test,Mosquito Nets
302,2,PARCELLE I,40,People who dont know what brand they use,3,test,Mosquito Nets
303,2,PARCELLE I,40,People who use Royal Sentry,NA,test,Mosquito Nets
304,2,PARCELLE I,40,People who use Olyset,2,test,Mosquito Nets
305,2,PARCELLE I,40,People who use Bestnet,NA,test,Mosquito Nets
306,2,PARCELLE I,40,People who use interceptor,NA,test,Mosquito Nets
307,20,FORET CLASSEE,33,Do you have a mosquito net?,33,test,Mosquito Nets
308,20,FORET CLASSEE,33,Do you own a net to scare mosquitos?,33,test,Mosquito Nets
309,20,FORET CLASSEE,33,Do you own a net to fish?,0,test,Mosquito Nets
310,20,FORET CLASSEE,33,Do you own a net to catch poultry?,0,test,Mosquito Nets
311,20,FORET CLASSEE,33,Do you own a net for other reasons?,0,test,Mosquito Nets
312,20,FORET CLASSEE,33,Do you avoid mosquitos with other ways?,1,test,Mosquito Nets
313,20,FORET CLASSEE,33,Do you use spray to avoid mosquitos?,0,test,Mosquito Nets
314,20,FORET CLASSEE,33,Do you remove puddles to avoid mosquitos?,0,test,Mosquito Nets
315,20,FORET CLASSEE,33,Do you remove mosquito bushes to avoid mosquitos?,0,test,Mosquito Nets
316,20,FORET CLASSEE,33,Do you use repellent to avoid mosquitos?,0,test,Mosquito Nets
317,20,FORET CLASSEE,33,Do you use a mosquito net when you sleep?,29,test,Mosquito Nets
318,20,FORET CLASSEE,33,How many mosquito nets do you have?,2.090909091,test,Mosquito Nets
319,20,FORET CLASSEE,33,People who have not responded to where they got their nets,31,test,Mosquito Nets
320,20,FORET CLASSEE,33,People who got their nets from a street/shop/market,2,test,Mosquito Nets
321,20,FORET CLASSEE,33,People who got their net from a community officer,NA,test,Mosquito Nets
322,20,FORET CLASSEE,33,People who dont know where they got their nets,NA,test,Mosquito Nets
323,20,FORET CLASSEE,33,People who got their net from a public health center,NA,test,Mosquito Nets
324,20,FORET CLASSEE,33,People who got their net from other places,NA,test,Mosquito Nets
325,20,FORET CLASSEE,33,People who got their net from a private health center,NA,test,Mosquito Nets
326,20,FORET CLASSEE,33,People who got their net through an MID campaign,31,test,Mosquito Nets
327,20,FORET CLASSEE,33,People who did not get a net,2,test,Mosquito Nets
328,20,FORET CLASSEE,33,People who got a net through CPN,NA,test,Mosquito Nets
329,20,FORET CLASSEE,33,People who got a net through a vaccination visit,NA,test,Mosquito Nets
330,20,FORET CLASSEE,33,People who dont know where they got their net,NA,test,Mosquito Nets
331,20,FORET CLASSEE,33,People who use Permanet brand,31,test,Mosquito Nets
332,20,FORET CLASSEE,33,People who use other brands,NA,test,Mosquito Nets
333,20,FORET CLASSEE,33,People who use Yorkool,NA,test,Mosquito Nets
334,20,FORET CLASSEE,33,People who use Super Moustiquaire,1,test,Mosquito Nets
335,20,FORET CLASSEE,33,People who use Tsaralay,NA,test,Mosquito Nets
336,20,FORET CLASSEE,33,People who dont know what brand they use,1,test,Mosquito Nets
337,20,FORET CLASSEE,33,People who use Royal Sentry,NA,test,Mosquito Nets
338,20,FORET CLASSEE,33,People who use Olyset,NA,test,Mosquito Nets
339,20,FORET CLASSEE,33,People who use Bestnet,NA,test,Mosquito Nets
340,20,FORET CLASSEE,33,People who use interceptor,NA,test,Mosquito Nets
341,21,FORET CLASSEE,83,Do you have a mosquito net?,83,test,Mosquito Nets
342,21,FORET CLASSEE,83,Do you own a net to scare mosquitos?,83,test,Mosquito Nets
343,21,FORET CLASSEE,83,Do you own a net to fish?,0,test,Mosquito Nets
344,21,FORET CLASSEE,83,Do you own a net to catch poultry?,0,test,Mosquito Nets
345,21,FORET CLASSEE,83,Do you own a net for other reasons?,6,test,Mosquito Nets
346,21,FORET CLASSEE,83,Do you avoid mosquitos with other ways?,0,test,Mosquito Nets
347,21,FORET CLASSEE,83,Do you use spray to avoid mosquitos?,0,test,Mosquito Nets
348,21,FORET CLASSEE,83,Do you remove puddles to avoid mosquitos?,0,test,Mosquito Nets
349,21,FORET CLASSEE,83,Do you remove mosquito bushes to avoid mosquitos?,0,test,Mosquito Nets
350,21,FORET CLASSEE,83,Do you use repellent to avoid mosquitos?,0,test,Mosquito Nets
351,21,FORET CLASSEE,83,Do you use a mosquito net when you sleep?,70,test,Mosquito Nets
352,21,FORET CLASSEE,83,How many mosquito nets do you have?,2.13253012,test,Mosquito Nets
353,21,FORET CLASSEE,83,People who have not responded to where they got their nets,83,test,Mosquito Nets
354,21,FORET CLASSEE,83,People who got their nets from a street/shop/market,NA,test,Mosquito Nets
355,21,FORET CLASSEE,83,People who got their net from a community officer,NA,test,Mosquito Nets
356,21,FORET CLASSEE,83,People who dont know where they got their nets,NA,test,Mosquito Nets
357,21,FORET CLASSEE,83,People who got their net from a public health center,NA,test,Mosquito Nets
358,21,FORET CLASSEE,83,People who got their net from other places,NA,test,Mosquito Nets
359,21,FORET CLASSEE,83,People who got their net from a private health center,NA,test,Mosquito Nets
360,21,FORET CLASSEE,83,People who got their net through an MID campaign,82,test,Mosquito Nets
361,21,FORET CLASSEE,83,People who did not get a net,NA,test,Mosquito Nets
362,21,FORET CLASSEE,83,People who got a net through CPN,1,test,Mosquito Nets
363,21,FORET CLASSEE,83,People who got a net through a vaccination visit,NA,test,Mosquito Nets
364,21,FORET CLASSEE,83,People who dont know where they got their net,NA,test,Mosquito Nets
365,21,FORET CLASSEE,83,People who use Permanet brand,77,test,Mosquito Nets
366,21,FORET CLASSEE,83,People who use other brands,NA,test,Mosquito Nets
367,21,FORET CLASSEE,83,People who use Yorkool,5,test,Mosquito Nets
368,21,FORET CLASSEE,83,People who use Super Moustiquaire,NA,test,Mosquito Nets
369,21,FORET CLASSEE,83,People who use Tsaralay,NA,test,Mosquito Nets
370,21,FORET CLASSEE,83,People who dont know what brand they use,NA,test,Mosquito Nets
371,21,FORET CLASSEE,83,People who use Royal Sentry,NA,test,Mosquito Nets
372,21,FORET CLASSEE,83,People who use Olyset,1,test,Mosquito Nets
373,21,FORET CLASSEE,83,People who use Bestnet,NA,test,Mosquito Nets
374,21,FORET CLASSEE,83,People who use interceptor,NA,test,Mosquito Nets
375,23,PARCELLE II/LITTORALE,55,Do you have a mosquito net?,55,test,Mosquito Nets
376,23,PARCELLE II/LITTORALE,55,Do you own a net to scare mosquitos?,47,test,Mosquito Nets
377,23,PARCELLE II/LITTORALE,55,Do you own a net to fish?,13,test,Mosquito Nets
378,23,PARCELLE II/LITTORALE,55,Do you own a net to catch poultry?,11,test,Mosquito Nets
379,23,PARCELLE II/LITTORALE,55,Do you own a net for other reasons?,4,test,Mosquito Nets
380,23,PARCELLE II/LITTORALE,55,Do you avoid mosquitos with other ways?,4,test,Mosquito Nets
381,23,PARCELLE II/LITTORALE,55,Do you use spray to avoid mosquitos?,0,test,Mosquito Nets
382,23,PARCELLE II/LITTORALE,55,Do you remove puddles to avoid mosquitos?,0,test,Mosquito Nets
383,23,PARCELLE II/LITTORALE,55,Do you remove mosquito bushes to avoid mosquitos?,0,test,Mosquito Nets
384,23,PARCELLE II/LITTORALE,55,Do you use repellent to avoid mosquitos?,0,test,Mosquito Nets
385,23,PARCELLE II/LITTORALE,55,Do you use a mosquito net when you sleep?,43,test,Mosquito Nets
386,23,PARCELLE II/LITTORALE,55,How many mosquito nets do you have?,2.454545455,test,Mosquito Nets
387,23,PARCELLE II/LITTORALE,55,People who have not responded to where they got their nets,51,test,Mosquito Nets
388,23,PARCELLE II/LITTORALE,55,People who got their nets from a street/shop/market,2,test,Mosquito Nets
389,23,PARCELLE II/LITTORALE,55,People who got their net from a community officer,1,test,Mosquito Nets
390,23,PARCELLE II/LITTORALE,55,People who dont know where they got their nets,1,test,Mosquito Nets
391,23,PARCELLE II/LITTORALE,55,People who got their net from a public health center,NA,test,Mosquito Nets
392,23,PARCELLE II/LITTORALE,55,People who got their net from other places,NA,test,Mosquito Nets
393,23,PARCELLE II/LITTORALE,55,People who got their net from a private health center,NA,test,Mosquito Nets
394,23,PARCELLE II/LITTORALE,55,People who got their net through an MID campaign,46,test,Mosquito Nets
395,23,PARCELLE II/LITTORALE,55,People who did not get a net,2,test,Mosquito Nets
396,23,PARCELLE II/LITTORALE,55,People who got a net through CPN,1,test,Mosquito Nets
397,23,PARCELLE II/LITTORALE,55,People who got a net through a vaccination visit,4,test,Mosquito Nets
398,23,PARCELLE II/LITTORALE,55,People who dont know where they got their net,2,test,Mosquito Nets
399,23,PARCELLE II/LITTORALE,55,People who use Permanet brand,48,test,Mosquito Nets
400,23,PARCELLE II/LITTORALE,55,People who use other brands,NA,test,Mosquito Nets
401,23,PARCELLE II/LITTORALE,55,People who use Yorkool,NA,test,Mosquito Nets
402,23,PARCELLE II/LITTORALE,55,People who use Super Moustiquaire,NA,test,Mosquito Nets
403,23,PARCELLE II/LITTORALE,55,People who use Tsaralay,2,test,Mosquito Nets
404,23,PARCELLE II/LITTORALE,55,People who dont know what brand they use,5,test,Mosquito Nets
405,23,PARCELLE II/LITTORALE,55,People who use Royal Sentry,NA,test,Mosquito Nets
406,23,PARCELLE II/LITTORALE,55,People who use Olyset,NA,test,Mosquito Nets
407,23,PARCELLE II/LITTORALE,55,People who use Bestnet,NA,test,Mosquito Nets
408,23,PARCELLE II/LITTORALE,55,People who use interceptor,NA,test,Mosquito Nets
409,24,PARCELLE II/LITTORALE,35,Do you have a mosquito net?,35,test,Mosquito Nets
410,24,PARCELLE II/LITTORALE,35,Do you own a net to scare mosquitos?,35,test,Mosquito Nets
411,24,PARCELLE II/LITTORALE,35,Do you own a net to fish?,1,test,Mosquito Nets
412,24,PARCELLE II/LITTORALE,35,Do you own a net to catch poultry?,4,test,Mosquito Nets
413,24,PARCELLE II/LITTORALE,35,Do you own a net for other reasons?,0,test,Mosquito Nets
414,24,PARCELLE II/LITTORALE,35,Do you avoid mosquitos with other ways?,3,test,Mosquito Nets
415,24,PARCELLE II/LITTORALE,35,Do you use spray to avoid mosquitos?,0,test,Mosquito Nets
416,24,PARCELLE II/LITTORALE,35,Do you remove puddles to avoid mosquitos?,0,test,Mosquito Nets
417,24,PARCELLE II/LITTORALE,35,Do you remove mosquito bushes to avoid mosquitos?,0,test,Mosquito Nets
418,24,PARCELLE II/LITTORALE,35,Do you use repellent to avoid mosquitos?,0,test,Mosquito Nets
419,24,PARCELLE II/LITTORALE,35,Do you use a mosquito net when you sleep?,31,test,Mosquito Nets
420,24,PARCELLE II/LITTORALE,35,How many mosquito nets do you have?,2.371428571,test,Mosquito Nets
421,24,PARCELLE II/LITTORALE,35,People who have not responded to where they got their nets,34,test,Mosquito Nets
422,24,PARCELLE II/LITTORALE,35,People who got their nets from a street/shop/market,NA,test,Mosquito Nets
423,24,PARCELLE II/LITTORALE,35,People who got their net from a community officer,NA,test,Mosquito Nets
424,24,PARCELLE II/LITTORALE,35,People who dont know where they got their nets,NA,test,Mosquito Nets
425,24,PARCELLE II/LITTORALE,35,People who got their net from a public health center,NA,test,Mosquito Nets
426,24,PARCELLE II/LITTORALE,35,People who got their net from other places,1,test,Mosquito Nets
427,24,PARCELLE II/LITTORALE,35,People who got their net from a private health center,NA,test,Mosquito Nets
428,24,PARCELLE II/LITTORALE,35,People who got their net through an MID campaign,33,test,Mosquito Nets
429,24,PARCELLE II/LITTORALE,35,People who did not get a net,NA,test,Mosquito Nets
430,24,PARCELLE II/LITTORALE,35,People who got a net through CPN,1,test,Mosquito Nets
431,24,PARCELLE II/LITTORALE,35,People who got a net through a vaccination visit,NA,test,Mosquito Nets
432,24,PARCELLE II/LITTORALE,35,People who dont know where they got their net,1,test,Mosquito Nets
433,24,PARCELLE II/LITTORALE,35,People who use Permanet brand,34,test,Mosquito Nets
434,24,PARCELLE II/LITTORALE,35,People who use other brands,NA,test,Mosquito Nets
435,24,PARCELLE II/LITTORALE,35,People who use Yorkool,NA,test,Mosquito Nets
436,24,PARCELLE II/LITTORALE,35,People who use Super Moustiquaire,NA,test,Mosquito Nets
437,24,PARCELLE II/LITTORALE,35,People who use Tsaralay,NA,test,Mosquito Nets
438,24,PARCELLE II/LITTORALE,35,People who dont know what brand they use,1,test,Mosquito Nets
439,24,PARCELLE II/LITTORALE,35,People who use Royal Sentry,NA,test,Mosquito Nets
440,24,PARCELLE II/LITTORALE,35,People who use Olyset,NA,test,Mosquito Nets
441,24,PARCELLE II/LITTORALE,35,People who use Bestnet,NA,test,Mosquito Nets
442,24,PARCELLE II/LITTORALE,35,People who use interceptor,NA,test,Mosquito Nets
443,25,PARCELLE II/LITTORALE,109,Do you have a mosquito net?,109,test,Mosquito Nets
444,25,PARCELLE II/LITTORALE,109,Do you own a net to scare mosquitos?,105,test,Mosquito Nets
445,25,PARCELLE II/LITTORALE,109,Do you own a net to fish?,0,test,Mosquito Nets
446,25,PARCELLE II/LITTORALE,109,Do you own a net to catch poultry?,4,test,Mosquito Nets
447,25,PARCELLE II/LITTORALE,109,Do you own a net for other reasons?,0,test,Mosquito Nets
448,25,PARCELLE II/LITTORALE,109,Do you avoid mosquitos with other ways?,5,test,Mosquito Nets
449,25,PARCELLE II/LITTORALE,109,Do you use spray to avoid mosquitos?,0,test,Mosquito Nets
450,25,PARCELLE II/LITTORALE,109,Do you remove puddles to avoid mosquitos?,0,test,Mosquito Nets
451,25,PARCELLE II/LITTORALE,109,Do you remove mosquito bushes to avoid mosquitos?,0,test,Mosquito Nets
452,25,PARCELLE II/LITTORALE,109,Do you use repellent to avoid mosquitos?,0,test,Mosquito Nets
453,25,PARCELLE II/LITTORALE,109,Do you use a mosquito net when you sleep?,97,test,Mosquito Nets
454,25,PARCELLE II/LITTORALE,109,How many mosquito nets do you have?,2.321100917,test,Mosquito Nets
455,25,PARCELLE II/LITTORALE,109,People who have not responded to where they got their nets,96,test,Mosquito Nets
456,25,PARCELLE II/LITTORALE,109,People who got their nets from a street/shop/market,10,test,Mosquito Nets
457,25,PARCELLE II/LITTORALE,109,People who got their net from a community officer,2,test,Mosquito Nets
458,25,PARCELLE II/LITTORALE,109,People who dont know where they got their nets,NA,test,Mosquito Nets
459,25,PARCELLE II/LITTORALE,109,People who got their net from a public health center,NA,test,Mosquito Nets
460,25,PARCELLE II/LITTORALE,109,People who got their net from other places,NA,test,Mosquito Nets
461,25,PARCELLE II/LITTORALE,109,People who got their net from a private health center,1,test,Mosquito Nets
462,25,PARCELLE II/LITTORALE,109,People who got their net through an MID campaign,92,test,Mosquito Nets
463,25,PARCELLE II/LITTORALE,109,People who did not get a net,13,test,Mosquito Nets
464,25,PARCELLE II/LITTORALE,109,People who got a net through CPN,2,test,Mosquito Nets
465,25,PARCELLE II/LITTORALE,109,People who got a net through a vaccination visit,2,test,Mosquito Nets
466,25,PARCELLE II/LITTORALE,109,People who dont know where they got their net,NA,test,Mosquito Nets
467,25,PARCELLE II/LITTORALE,109,People who use Permanet brand,56,test,Mosquito Nets
468,25,PARCELLE II/LITTORALE,109,People who use other brands,22,test,Mosquito Nets
469,25,PARCELLE II/LITTORALE,109,People who use Yorkool,1,test,Mosquito Nets
470,25,PARCELLE II/LITTORALE,109,People who use Super Moustiquaire,9,test,Mosquito Nets
471,25,PARCELLE II/LITTORALE,109,People who use Tsaralay,NA,test,Mosquito Nets
472,25,PARCELLE II/LITTORALE,109,People who dont know what brand they use,19,test,Mosquito Nets
473,25,PARCELLE II/LITTORALE,109,People who use Royal Sentry,NA,test,Mosquito Nets
474,25,PARCELLE II/LITTORALE,109,People who use Olyset,2,test,Mosquito Nets
475,25,PARCELLE II/LITTORALE,109,People who use Bestnet,NA,test,Mosquito Nets
476,25,PARCELLE II/LITTORALE,109,People who use interceptor,NA,test,Mosquito Nets
477,26,PARCELLE II/LITTORALE,106,Do you have a mosquito net?,106,test,Mosquito Nets
478,26,PARCELLE II/LITTORALE,106,Do you own a net to scare mosquitos?,105,test,Mosquito Nets
479,26,PARCELLE II/LITTORALE,106,Do you own a net to fish?,4,test,Mosquito Nets
480,26,PARCELLE II/LITTORALE,106,Do you own a net to catch poultry?,0,test,Mosquito Nets
481,26,PARCELLE II/LITTORALE,106,Do you own a net for other reasons?,10,test,Mosquito Nets
482,26,PARCELLE II/LITTORALE,106,Do you avoid mosquitos with other ways?,3,test,Mosquito Nets
483,26,PARCELLE II/LITTORALE,106,Do you use spray to avoid mosquitos?,0,test,Mosquito Nets
484,26,PARCELLE II/LITTORALE,106,Do you remove puddles to avoid mosquitos?,0,test,Mosquito Nets
485,26,PARCELLE II/LITTORALE,106,Do you remove mosquito bushes to avoid mosquitos?,0,test,Mosquito Nets
486,26,PARCELLE II/LITTORALE,106,Do you use repellent to avoid mosquitos?,0,test,Mosquito Nets
487,26,PARCELLE II/LITTORALE,106,Do you use a mosquito net when you sleep?,99,test,Mosquito Nets
488,26,PARCELLE II/LITTORALE,106,How many mosquito nets do you have?,2.301886792,test,Mosquito Nets
489,26,PARCELLE II/LITTORALE,106,People who have not responded to where they got their nets,101,test,Mosquito Nets
490,26,PARCELLE II/LITTORALE,106,People who got their nets from a street/shop/market,5,test,Mosquito Nets
491,26,PARCELLE II/LITTORALE,106,People who got their net from a community officer,NA,test,Mosquito Nets
492,26,PARCELLE II/LITTORALE,106,People who dont know where they got their nets,NA,test,Mosquito Nets
493,26,PARCELLE II/LITTORALE,106,People who got their net from a public health center,NA,test,Mosquito Nets
494,26,PARCELLE II/LITTORALE,106,People who got their net from other places,NA,test,Mosquito Nets
495,26,PARCELLE II/LITTORALE,106,People who got their net from a private health center,NA,test,Mosquito Nets
496,26,PARCELLE II/LITTORALE,106,People who got their net through an MID campaign,99,test,Mosquito Nets
497,26,PARCELLE II/LITTORALE,106,People who did not get a net,5,test,Mosquito Nets
498,26,PARCELLE II/LITTORALE,106,People who got a net through CPN,2,test,Mosquito Nets
499,26,PARCELLE II/LITTORALE,106,People who got a net through a vaccination visit,NA,test,Mosquito Nets
500,26,PARCELLE II/LITTORALE,106,People who dont know where they got their net,NA,test,Mosquito Nets
501,26,PARCELLE II/LITTORALE,106,People who use Permanet brand,99,test,Mosquito Nets
502,26,PARCELLE II/LITTORALE,106,People who use other brands,2,test,Mosquito Nets
503,26,PARCELLE II/LITTORALE,106,People who use Yorkool,2,test,Mosquito Nets
504,26,PARCELLE II/LITTORALE,106,People who use Super Moustiquaire,1,test,Mosquito Nets
505,26,PARCELLE II/LITTORALE,106,People who use Tsaralay,NA,test,Mosquito Nets
506,26,PARCELLE II/LITTORALE,106,People who dont know what brand they use,2,test,Mosquito Nets
507,26,PARCELLE II/LITTORALE,106,People who use Royal Sentry,NA,test,Mosquito Nets
508,26,PARCELLE II/LITTORALE,106,People who use Olyset,NA,test,Mosquito Nets
509,26,PARCELLE II/LITTORALE,106,People who use Bestnet,NA,test,Mosquito Nets
510,26,PARCELLE II/LITTORALE,106,People who use interceptor,NA,test,Mosquito Nets
511,27,PARCELLE II/LITTORALE,41,Do you have a mosquito net?,41,test,Mosquito Nets
512,27,PARCELLE II/LITTORALE,41,Do you own a net to scare mosquitos?,41,test,Mosquito Nets
513,27,PARCELLE II/LITTORALE,41,Do you own a net to fish?,0,test,Mosquito Nets
514,27,PARCELLE II/LITTORALE,41,Do you own a net to catch poultry?,0,test,Mosquito Nets
515,27,PARCELLE II/LITTORALE,41,Do you own a net for other reasons?,2,test,Mosquito Nets
516,27,PARCELLE II/LITTORALE,41,Do you avoid mosquitos with other ways?,1,test,Mosquito Nets
517,27,PARCELLE II/LITTORALE,41,Do you use spray to avoid mosquitos?,0,test,Mosquito Nets
518,27,PARCELLE II/LITTORALE,41,Do you remove puddles to avoid mosquitos?,0,test,Mosquito Nets
519,27,PARCELLE II/LITTORALE,41,Do you remove mosquito bushes to avoid mosquitos?,0,test,Mosquito Nets
520,27,PARCELLE II/LITTORALE,41,Do you use repellent to avoid mosquitos?,0,test,Mosquito Nets
521,27,PARCELLE II/LITTORALE,41,Do you use a mosquito net when you sleep?,38,test,Mosquito Nets
522,27,PARCELLE II/LITTORALE,41,How many mosquito nets do you have?,2.365853659,test,Mosquito Nets
523,27,PARCELLE II/LITTORALE,41,People who have not responded to where they got their nets,41,test,Mosquito Nets
524,27,PARCELLE II/LITTORALE,41,People who got their nets from a street/shop/market,NA,test,Mosquito Nets
525,27,PARCELLE II/LITTORALE,41,People who got their net from a community officer,NA,test,Mosquito Nets
526,27,PARCELLE II/LITTORALE,41,People who dont know where they got their nets,NA,test,Mosquito Nets
527,27,PARCELLE II/LITTORALE,41,People who got their net from a public health center,NA,test,Mosquito Nets
528,27,PARCELLE II/LITTORALE,41,People who got their net from other places,NA,test,Mosquito Nets
529,27,PARCELLE II/LITTORALE,41,People who got their net from a private health center,NA,test,Mosquito Nets
530,27,PARCELLE II/LITTORALE,41,People who got their net through an MID campaign,40,test,Mosquito Nets
531,27,PARCELLE II/LITTORALE,41,People who did not get a net,NA,test,Mosquito Nets
532,27,PARCELLE II/LITTORALE,41,People who got a net through CPN,1,test,Mosquito Nets
533,27,PARCELLE II/LITTORALE,41,People who got a net through a vaccination visit,NA,test,Mosquito Nets
534,27,PARCELLE II/LITTORALE,41,People who dont know where they got their net,NA,test,Mosquito Nets
535,27,PARCELLE II/LITTORALE,41,People who use Permanet brand,41,test,Mosquito Nets
536,27,PARCELLE II/LITTORALE,41,People who use other brands,NA,test,Mosquito Nets
537,27,PARCELLE II/LITTORALE,41,People who use Yorkool,NA,test,Mosquito Nets
538,27,PARCELLE II/LITTORALE,41,People who use Super Moustiquaire,NA,test,Mosquito Nets
539,27,PARCELLE II/LITTORALE,41,People who use Tsaralay,NA,test,Mosquito Nets
540,27,PARCELLE II/LITTORALE,41,People who dont know what brand they use,NA,test,Mosquito Nets
541,27,PARCELLE II/LITTORALE,41,People who use Royal Sentry,NA,test,Mosquito Nets
542,27,PARCELLE II/LITTORALE,41,People who use Olyset,NA,test,Mosquito Nets
543,27,PARCELLE II/LITTORALE,41,People who use Bestnet,NA,test,Mosquito Nets
544,27,PARCELLE II/LITTORALE,41,People who use interceptor,NA,test,Mosquito Nets
545,29,PARCELLE II/LITTORALE,66,Do you have a mosquito net?,66,test,Mosquito Nets
546,29,PARCELLE II/LITTORALE,66,Do you own a net to scare mosquitos?,59,test,Mosquito Nets
547,29,PARCELLE II/LITTORALE,66,Do you own a net to fish?,8,test,Mosquito Nets
548,29,PARCELLE II/LITTORALE,66,Do you own a net to catch poultry?,12,test,Mosquito Nets
549,29,PARCELLE II/LITTORALE,66,Do you own a net for other reasons?,2,test,Mosquito Nets
550,29,PARCELLE II/LITTORALE,66,Do you avoid mosquitos with other ways?,0,test,Mosquito Nets
551,29,PARCELLE II/LITTORALE,66,Do you use spray to avoid mosquitos?,0,test,Mosquito Nets
552,29,PARCELLE II/LITTORALE,66,Do you remove puddles to avoid mosquitos?,0,test,Mosquito Nets
553,29,PARCELLE II/LITTORALE,66,Do you remove mosquito bushes to avoid mosquitos?,0,test,Mosquito Nets
554,29,PARCELLE II/LITTORALE,66,Do you use repellent to avoid mosquitos?,0,test,Mosquito Nets
555,29,PARCELLE II/LITTORALE,66,Do you use a mosquito net when you sleep?,54,test,Mosquito Nets
556,29,PARCELLE II/LITTORALE,66,How many mosquito nets do you have?,2.515151515,test,Mosquito Nets
557,29,PARCELLE II/LITTORALE,66,People who have not responded to where they got their nets,65,test,Mosquito Nets
558,29,PARCELLE II/LITTORALE,66,People who got their nets from a street/shop/market,NA,test,Mosquito Nets
559,29,PARCELLE II/LITTORALE,66,People who got their net from a community officer,NA,test,Mosquito Nets
560,29,PARCELLE II/LITTORALE,66,People who dont know where they got their nets,NA,test,Mosquito Nets
561,29,PARCELLE II/LITTORALE,66,People who got their net from a public health center,NA,test,Mosquito Nets
562,29,PARCELLE II/LITTORALE,66,People who got their net from other places,1,test,Mosquito Nets
563,29,PARCELLE II/LITTORALE,66,People who got their net from a private health center,NA,test,Mosquito Nets
564,29,PARCELLE II/LITTORALE,66,People who got their net through an MID campaign,65,test,Mosquito Nets
565,29,PARCELLE II/LITTORALE,66,People who did not get a net,NA,test,Mosquito Nets
566,29,PARCELLE II/LITTORALE,66,People who got a net through CPN,NA,test,Mosquito Nets
567,29,PARCELLE II/LITTORALE,66,People who got a net through a vaccination visit,NA,test,Mosquito Nets
568,29,PARCELLE II/LITTORALE,66,People who dont know where they got their net,1,test,Mosquito Nets
569,29,PARCELLE II/LITTORALE,66,People who use Permanet brand,61,test,Mosquito Nets
570,29,PARCELLE II/LITTORALE,66,People who use other brands,NA,test,Mosquito Nets
571,29,PARCELLE II/LITTORALE,66,People who use Yorkool,NA,test,Mosquito Nets
572,29,PARCELLE II/LITTORALE,66,People who use Super Moustiquaire,NA,test,Mosquito Nets
573,29,PARCELLE II/LITTORALE,66,People who use Tsaralay,NA,test,Mosquito Nets
574,29,PARCELLE II/LITTORALE,66,People who dont know what brand they use,5,test,Mosquito Nets
575,29,PARCELLE II/LITTORALE,66,People who use Royal Sentry,NA,test,Mosquito Nets
576,29,PARCELLE II/LITTORALE,66,People who use Olyset,NA,test,Mosquito Nets
577,29,PARCELLE II/LITTORALE,66,People who use Bestnet,NA,test,Mosquito Nets
578,29,PARCELLE II/LITTORALE,66,People who use interceptor,NA,test,Mosquito Nets
579,3,PARCELLE I,248,Do you have a mosquito net?,248,test,Mosquito Nets
580,3,PARCELLE I,248,Do you own a net to scare mosquitos?,236,test,Mosquito Nets
581,3,PARCELLE I,248,Do you own a net to fish?,2,test,Mosquito Nets
582,3,PARCELLE I,248,Do you own a net to catch poultry?,0,test,Mosquito Nets
583,3,PARCELLE I,248,Do you own a net for other reasons?,11,test,Mosquito Nets
584,3,PARCELLE I,248,Do you avoid mosquitos with other ways?,21,test,Mosquito Nets
585,3,PARCELLE I,248,Do you use spray to avoid mosquitos?,0,test,Mosquito Nets
586,3,PARCELLE I,248,Do you remove puddles to avoid mosquitos?,0,test,Mosquito Nets
587,3,PARCELLE I,248,Do you remove mosquito bushes to avoid mosquitos?,0,test,Mosquito Nets
588,3,PARCELLE I,248,Do you use repellent to avoid mosquitos?,0,test,Mosquito Nets
589,3,PARCELLE I,248,Do you use a mosquito net when you sleep?,206,test,Mosquito Nets
590,3,PARCELLE I,248,How many mosquito nets do you have?,3.153225806,test,Mosquito Nets
591,3,PARCELLE I,248,People who have not responded to where they got their nets,236,test,Mosquito Nets
592,3,PARCELLE I,248,People who got their nets from a street/shop/market,10,test,Mosquito Nets
593,3,PARCELLE I,248,People who got their net from a community officer,NA,test,Mosquito Nets
594,3,PARCELLE I,248,People who dont know where they got their nets,NA,test,Mosquito Nets
595,3,PARCELLE I,248,People who got their net from a public health center,1,test,Mosquito Nets
596,3,PARCELLE I,248,People who got their net from other places,1,test,Mosquito Nets
597,3,PARCELLE I,248,People who got their net from a private health center,NA,test,Mosquito Nets
598,3,PARCELLE I,248,People who got their net through an MID campaign,226,test,Mosquito Nets
599,3,PARCELLE I,248,People who did not get a net,11,test,Mosquito Nets
600,3,PARCELLE I,248,People who got a net through CPN,6,test,Mosquito Nets
601,3,PARCELLE I,248,People who got a net through a vaccination visit,4,test,Mosquito Nets
602,3,PARCELLE I,248,People who dont know where they got their net,1,test,Mosquito Nets
603,3,PARCELLE I,248,People who use Permanet brand,43,test,Mosquito Nets
604,3,PARCELLE I,248,People who use other brands,27,test,Mosquito Nets
605,3,PARCELLE I,248,People who use Yorkool,55,test,Mosquito Nets
606,3,PARCELLE I,248,People who use Super Moustiquaire,47,test,Mosquito Nets
607,3,PARCELLE I,248,People who use Tsaralay,34,test,Mosquito Nets
608,3,PARCELLE I,248,People who dont know what brand they use,25,test,Mosquito Nets
609,3,PARCELLE I,248,People who use Royal Sentry,12,test,Mosquito Nets
610,3,PARCELLE I,248,People who use Olyset,4,test,Mosquito Nets
611,3,PARCELLE I,248,People who use Bestnet,NA,test,Mosquito Nets
612,3,PARCELLE I,248,People who use interceptor,1,test,Mosquito Nets
613,30,PARCELLE II/LITTORALE,73,Do you have a mosquito net?,73,test,Mosquito Nets
614,30,PARCELLE II/LITTORALE,73,Do you own a net to scare mosquitos?,73,test,Mosquito Nets
615,30,PARCELLE II/LITTORALE,73,Do you own a net to fish?,2,test,Mosquito Nets
616,30,PARCELLE II/LITTORALE,73,Do you own a net to catch poultry?,4,test,Mosquito Nets
617,30,PARCELLE II/LITTORALE,73,Do you own a net for other reasons?,2,test,Mosquito Nets
618,30,PARCELLE II/LITTORALE,73,Do you avoid mosquitos with other ways?,0,test,Mosquito Nets
619,30,PARCELLE II/LITTORALE,73,Do you use spray to avoid mosquitos?,0,test,Mosquito Nets
620,30,PARCELLE II/LITTORALE,73,Do you remove puddles to avoid mosquitos?,0,test,Mosquito Nets
621,30,PARCELLE II/LITTORALE,73,Do you remove mosquito bushes to avoid mosquitos?,0,test,Mosquito Nets
622,30,PARCELLE II/LITTORALE,73,Do you use repellent to avoid mosquitos?,0,test,Mosquito Nets
623,30,PARCELLE II/LITTORALE,73,Do you use a mosquito net when you sleep?,65,test,Mosquito Nets
624,30,PARCELLE II/LITTORALE,73,How many mosquito nets do you have?,2.369863014,test,Mosquito Nets
625,30,PARCELLE II/LITTORALE,73,People who have not responded to where they got their nets,71,test,Mosquito Nets
626,30,PARCELLE II/LITTORALE,73,People who got their nets from a street/shop/market,1,test,Mosquito Nets
627,30,PARCELLE II/LITTORALE,73,People who got their net from a community officer,NA,test,Mosquito Nets
628,30,PARCELLE II/LITTORALE,73,People who dont know where they got their nets,1,test,Mosquito Nets
629,30,PARCELLE II/LITTORALE,73,People who got their net from a public health center,NA,test,Mosquito Nets
630,30,PARCELLE II/LITTORALE,73,People who got their net from other places,NA,test,Mosquito Nets
631,30,PARCELLE II/LITTORALE,73,People who got their net from a private health center,NA,test,Mosquito Nets
632,30,PARCELLE II/LITTORALE,73,People who got their net through an MID campaign,71,test,Mosquito Nets
633,30,PARCELLE II/LITTORALE,73,People who did not get a net,1,test,Mosquito Nets
634,30,PARCELLE II/LITTORALE,73,People who got a net through CPN,NA,test,Mosquito Nets
635,30,PARCELLE II/LITTORALE,73,People who got a net through a vaccination visit,NA,test,Mosquito Nets
636,30,PARCELLE II/LITTORALE,73,People who dont know where they got their net,1,test,Mosquito Nets
637,30,PARCELLE II/LITTORALE,73,People who use Permanet brand,68,test,Mosquito Nets
638,30,PARCELLE II/LITTORALE,73,People who use other brands,NA,test,Mosquito Nets
639,30,PARCELLE II/LITTORALE,73,People who use Yorkool,NA,test,Mosquito Nets
640,30,PARCELLE II/LITTORALE,73,People who use Super Moustiquaire,2,test,Mosquito Nets
641,30,PARCELLE II/LITTORALE,73,People who use Tsaralay,NA,test,Mosquito Nets
642,30,PARCELLE II/LITTORALE,73,People who dont know what brand they use,3,test,Mosquito Nets
643,30,PARCELLE II/LITTORALE,73,People who use Royal Sentry,NA,test,Mosquito Nets
644,30,PARCELLE II/LITTORALE,73,People who use Olyset,NA,test,Mosquito Nets
645,30,PARCELLE II/LITTORALE,73,People who use Bestnet,NA,test,Mosquito Nets
646,30,PARCELLE II/LITTORALE,73,People who use interceptor,NA,test,Mosquito Nets
647,31,PARCELLE II/LITTORALE,68,Do you have a mosquito net?,68,test,Mosquito Nets
648,31,PARCELLE II/LITTORALE,68,Do you own a net to scare mosquitos?,68,test,Mosquito Nets
649,31,PARCELLE II/LITTORALE,68,Do you own a net to fish?,2,test,Mosquito Nets
650,31,PARCELLE II/LITTORALE,68,Do you own a net to catch poultry?,6,test,Mosquito Nets
651,31,PARCELLE II/LITTORALE,68,Do you own a net for other reasons?,0,test,Mosquito Nets
652,31,PARCELLE II/LITTORALE,68,Do you avoid mosquitos with other ways?,2,test,Mosquito Nets
653,31,PARCELLE II/LITTORALE,68,Do you use spray to avoid mosquitos?,0,test,Mosquito Nets
654,31,PARCELLE II/LITTORALE,68,Do you remove puddles to avoid mosquitos?,0,test,Mosquito Nets
655,31,PARCELLE II/LITTORALE,68,Do you remove mosquito bushes to avoid mosquitos?,0,test,Mosquito Nets
656,31,PARCELLE II/LITTORALE,68,Do you use repellent to avoid mosquitos?,0,test,Mosquito Nets
657,31,PARCELLE II/LITTORALE,68,Do you use a mosquito net when you sleep?,54,test,Mosquito Nets
658,31,PARCELLE II/LITTORALE,68,How many mosquito nets do you have?,2.382352941,test,Mosquito Nets
659,31,PARCELLE II/LITTORALE,68,People who have not responded to where they got their nets,68,test,Mosquito Nets
660,31,PARCELLE II/LITTORALE,68,People who got their nets from a street/shop/market,NA,test,Mosquito Nets
661,31,PARCELLE II/LITTORALE,68,People who got their net from a community officer,NA,test,Mosquito Nets
662,31,PARCELLE II/LITTORALE,68,People who dont know where they got their nets,NA,test,Mosquito Nets
663,31,PARCELLE II/LITTORALE,68,People who got their net from a public health center,NA,test,Mosquito Nets
664,31,PARCELLE II/LITTORALE,68,People who got their net from other places,NA,test,Mosquito Nets
665,31,PARCELLE II/LITTORALE,68,People who got their net from a private health center,NA,test,Mosquito Nets
666,31,PARCELLE II/LITTORALE,68,People who got their net through an MID campaign,67,test,Mosquito Nets
667,31,PARCELLE II/LITTORALE,68,People who did not get a net,NA,test,Mosquito Nets
668,31,PARCELLE II/LITTORALE,68,People who got a net through CPN,1,test,Mosquito Nets
669,31,PARCELLE II/LITTORALE,68,People who got a net through a vaccination visit,NA,test,Mosquito Nets
670,31,PARCELLE II/LITTORALE,68,People who dont know where they got their net,NA,test,Mosquito Nets
671,31,PARCELLE II/LITTORALE,68,People who use Permanet brand,64,test,Mosquito Nets
672,31,PARCELLE II/LITTORALE,68,People who use other brands,2,test,Mosquito Nets
673,31,PARCELLE II/LITTORALE,68,People who use Yorkool,1,test,Mosquito Nets
674,31,PARCELLE II/LITTORALE,68,People who use Super Moustiquaire,1,test,Mosquito Nets
675,31,PARCELLE II/LITTORALE,68,People who use Tsaralay,NA,test,Mosquito Nets
676,31,PARCELLE II/LITTORALE,68,People who dont know what brand they use,NA,test,Mosquito Nets
677,31,PARCELLE II/LITTORALE,68,People who use Royal Sentry,NA,test,Mosquito Nets
678,31,PARCELLE II/LITTORALE,68,People who use Olyset,NA,test,Mosquito Nets
679,31,PARCELLE II/LITTORALE,68,People who use Bestnet,NA,test,Mosquito Nets
680,31,PARCELLE II/LITTORALE,68,People who use interceptor,NA,test,Mosquito Nets
681,32,PARCELLE II/LITTORALE,68,Do you have a mosquito net?,68,test,Mosquito Nets
682,32,PARCELLE II/LITTORALE,68,Do you own a net to scare mosquitos?,64,test,Mosquito Nets
683,32,PARCELLE II/LITTORALE,68,Do you own a net to fish?,2,test,Mosquito Nets
684,32,PARCELLE II/LITTORALE,68,Do you own a net to catch poultry?,3,test,Mosquito Nets
685,32,PARCELLE II/LITTORALE,68,Do you own a net for other reasons?,0,test,Mosquito Nets
686,32,PARCELLE II/LITTORALE,68,Do you avoid mosquitos with other ways?,0,test,Mosquito Nets
687,32,PARCELLE II/LITTORALE,68,Do you use spray to avoid mosquitos?,0,test,Mosquito Nets
688,32,PARCELLE II/LITTORALE,68,Do you remove puddles to avoid mosquitos?,0,test,Mosquito Nets
689,32,PARCELLE II/LITTORALE,68,Do you remove mosquito bushes to avoid mosquitos?,0,test,Mosquito Nets
690,32,PARCELLE II/LITTORALE,68,Do you use repellent to avoid mosquitos?,0,test,Mosquito Nets
691,32,PARCELLE II/LITTORALE,68,Do you use a mosquito net when you sleep?,53,test,Mosquito Nets
692,32,PARCELLE II/LITTORALE,68,How many mosquito nets do you have?,1.705882353,test,Mosquito Nets
693,32,PARCELLE II/LITTORALE,68,People who have not responded to where they got their nets,66,test,Mosquito Nets
694,32,PARCELLE II/LITTORALE,68,People who got their nets from a street/shop/market,2,test,Mosquito Nets
695,32,PARCELLE II/LITTORALE,68,People who got their net from a community officer,NA,test,Mosquito Nets
696,32,PARCELLE II/LITTORALE,68,People who dont know where they got their nets,NA,test,Mosquito Nets
697,32,PARCELLE II/LITTORALE,68,People who got their net from a public health center,NA,test,Mosquito Nets
698,32,PARCELLE II/LITTORALE,68,People who got their net from other places,NA,test,Mosquito Nets
699,32,PARCELLE II/LITTORALE,68,People who got their net from a private health center,NA,test,Mosquito Nets
700,32,PARCELLE II/LITTORALE,68,People who got their net through an MID campaign,64,test,Mosquito Nets
701,32,PARCELLE II/LITTORALE,68,People who did not get a net,2,test,Mosquito Nets
702,32,PARCELLE II/LITTORALE,68,People who got a net through CPN,2,test,Mosquito Nets
703,32,PARCELLE II/LITTORALE,68,People who got a net through a vaccination visit,NA,test,Mosquito Nets
704,32,PARCELLE II/LITTORALE,68,People who dont know where they got their net,NA,test,Mosquito Nets
705,32,PARCELLE II/LITTORALE,68,People who use Permanet brand,56,test,Mosquito Nets
706,32,PARCELLE II/LITTORALE,68,People who use other brands,6,test,Mosquito Nets
707,32,PARCELLE II/LITTORALE,68,People who use Yorkool,1,test,Mosquito Nets
708,32,PARCELLE II/LITTORALE,68,People who use Super Moustiquaire,3,test,Mosquito Nets
709,32,PARCELLE II/LITTORALE,68,People who use Tsaralay,NA,test,Mosquito Nets
710,32,PARCELLE II/LITTORALE,68,People who dont know what brand they use,2,test,Mosquito Nets
711,32,PARCELLE II/LITTORALE,68,People who use Royal Sentry,NA,test,Mosquito Nets
712,32,PARCELLE II/LITTORALE,68,People who use Olyset,NA,test,Mosquito Nets
713,32,PARCELLE II/LITTORALE,68,People who use Bestnet,NA,test,Mosquito Nets
714,32,PARCELLE II/LITTORALE,68,People who use interceptor,NA,test,Mosquito Nets
715,33,PARCELLE II/LITTORALE,115,Do you have a mosquito net?,115,test,Mosquito Nets
716,33,PARCELLE II/LITTORALE,115,Do you own a net to scare mosquitos?,115,test,Mosquito Nets
717,33,PARCELLE II/LITTORALE,115,Do you own a net to fish?,0,test,Mosquito Nets
718,33,PARCELLE II/LITTORALE,115,Do you own a net to catch poultry?,6,test,Mosquito Nets
719,33,PARCELLE II/LITTORALE,115,Do you own a net for other reasons?,7,test,Mosquito Nets
720,33,PARCELLE II/LITTORALE,115,Do you avoid mosquitos with other ways?,10,test,Mosquito Nets
721,33,PARCELLE II/LITTORALE,115,Do you use spray to avoid mosquitos?,0,test,Mosquito Nets
722,33,PARCELLE II/LITTORALE,115,Do you remove puddles to avoid mosquitos?,0,test,Mosquito Nets
723,33,PARCELLE II/LITTORALE,115,Do you remove mosquito bushes to avoid mosquitos?,0,test,Mosquito Nets
724,33,PARCELLE II/LITTORALE,115,Do you use repellent to avoid mosquitos?,0,test,Mosquito Nets
725,33,PARCELLE II/LITTORALE,115,Do you use a mosquito net when you sleep?,97,test,Mosquito Nets
726,33,PARCELLE II/LITTORALE,115,How many mosquito nets do you have?,2.913043478,test,Mosquito Nets
727,33,PARCELLE II/LITTORALE,115,People who have not responded to where they got their nets,106,test,Mosquito Nets
728,33,PARCELLE II/LITTORALE,115,People who got their nets from a street/shop/market,9,test,Mosquito Nets
729,33,PARCELLE II/LITTORALE,115,People who got their net from a community officer,NA,test,Mosquito Nets
730,33,PARCELLE II/LITTORALE,115,People who dont know where they got their nets,NA,test,Mosquito Nets
731,33,PARCELLE II/LITTORALE,115,People who got their net from a public health center,NA,test,Mosquito Nets
732,33,PARCELLE II/LITTORALE,115,People who got their net from other places,NA,test,Mosquito Nets
733,33,PARCELLE II/LITTORALE,115,People who got their net from a private health center,NA,test,Mosquito Nets
734,33,PARCELLE II/LITTORALE,115,People who got their net through an MID campaign,104,test,Mosquito Nets
735,33,PARCELLE II/LITTORALE,115,People who did not get a net,9,test,Mosquito Nets
736,33,PARCELLE II/LITTORALE,115,People who got a net through CPN,NA,test,Mosquito Nets
737,33,PARCELLE II/LITTORALE,115,People who got a net through a vaccination visit,2,test,Mosquito Nets
738,33,PARCELLE II/LITTORALE,115,People who dont know where they got their net,NA,test,Mosquito Nets
739,33,PARCELLE II/LITTORALE,115,People who use Permanet brand,98,test,Mosquito Nets
740,33,PARCELLE II/LITTORALE,115,People who use other brands,NA,test,Mosquito Nets
741,33,PARCELLE II/LITTORALE,115,People who use Yorkool,5,test,Mosquito Nets
742,33,PARCELLE II/LITTORALE,115,People who use Super Moustiquaire,1,test,Mosquito Nets
743,33,PARCELLE II/LITTORALE,115,People who use Tsaralay,NA,test,Mosquito Nets
744,33,PARCELLE II/LITTORALE,115,People who dont know what brand they use,11,test,Mosquito Nets
745,33,PARCELLE II/LITTORALE,115,People who use Royal Sentry,NA,test,Mosquito Nets
746,33,PARCELLE II/LITTORALE,115,People who use Olyset,NA,test,Mosquito Nets
747,33,PARCELLE II/LITTORALE,115,People who use Bestnet,NA,test,Mosquito Nets
748,33,PARCELLE II/LITTORALE,115,People who use interceptor,NA,test,Mosquito Nets
749,35,PARCELLE I,121,Do you have a mosquito net?,121,test,Mosquito Nets
750,35,PARCELLE I,121,Do you own a net to scare mosquitos?,121,test,Mosquito Nets
751,35,PARCELLE I,121,Do you own a net to fish?,3,test,Mosquito Nets
752,35,PARCELLE I,121,Do you own a net to catch poultry?,0,test,Mosquito Nets
753,35,PARCELLE I,121,Do you own a net for other reasons?,0,test,Mosquito Nets
754,35,PARCELLE I,121,Do you avoid mosquitos with other ways?,1,test,Mosquito Nets
755,35,PARCELLE I,121,Do you use spray to avoid mosquitos?,0,test,Mosquito Nets
756,35,PARCELLE I,121,Do you remove puddles to avoid mosquitos?,0,test,Mosquito Nets
757,35,PARCELLE I,121,Do you remove mosquito bushes to avoid mosquitos?,0,test,Mosquito Nets
758,35,PARCELLE I,121,Do you use repellent to avoid mosquitos?,0,test,Mosquito Nets
759,35,PARCELLE I,121,Do you use a mosquito net when you sleep?,113,test,Mosquito Nets
760,35,PARCELLE I,121,How many mosquito nets do you have?,2.190082645,test,Mosquito Nets
761,35,PARCELLE I,121,People who have not responded to where they got their nets,79,test,Mosquito Nets
762,35,PARCELLE I,121,People who got their nets from a street/shop/market,40,test,Mosquito Nets
763,35,PARCELLE I,121,People who got their net from a community officer,2,test,Mosquito Nets
764,35,PARCELLE I,121,People who dont know where they got their nets,NA,test,Mosquito Nets
765,35,PARCELLE I,121,People who got their net from a public health center,NA,test,Mosquito Nets
766,35,PARCELLE I,121,People who got their net from other places,NA,test,Mosquito Nets
767,35,PARCELLE I,121,People who got their net from a private health center,NA,test,Mosquito Nets
768,35,PARCELLE I,121,People who got their net through an MID campaign,74,test,Mosquito Nets
769,35,PARCELLE I,121,People who did not get a net,42,test,Mosquito Nets
770,35,PARCELLE I,121,People who got a net through CPN,5,test,Mosquito Nets
771,35,PARCELLE I,121,People who got a net through a vaccination visit,NA,test,Mosquito Nets
772,35,PARCELLE I,121,People who dont know where they got their net,NA,test,Mosquito Nets
773,35,PARCELLE I,121,People who use Permanet brand,105,test,Mosquito Nets
774,35,PARCELLE I,121,People who use other brands,1,test,Mosquito Nets
775,35,PARCELLE I,121,People who use Yorkool,2,test,Mosquito Nets
776,35,PARCELLE I,121,People who use Super Moustiquaire,4,test,Mosquito Nets
777,35,PARCELLE I,121,People who use Tsaralay,2,test,Mosquito Nets
778,35,PARCELLE I,121,People who dont know what brand they use,7,test,Mosquito Nets
779,35,PARCELLE I,121,People who use Royal Sentry,NA,test,Mosquito Nets
780,35,PARCELLE I,121,People who use Olyset,NA,test,Mosquito Nets
781,35,PARCELLE I,121,People who use Bestnet,NA,test,Mosquito Nets
782,35,PARCELLE I,121,People who use interceptor,NA,test,Mosquito Nets
783,36,PARCELLE I,69,Do you have a mosquito net?,69,test,Mosquito Nets
784,36,PARCELLE I,69,Do you own a net to scare mosquitos?,66,test,Mosquito Nets
785,36,PARCELLE I,69,Do you own a net to fish?,0,test,Mosquito Nets
786,36,PARCELLE I,69,Do you own a net to catch poultry?,0,test,Mosquito Nets
787,36,PARCELLE I,69,Do you own a net for other reasons?,3,test,Mosquito Nets
788,36,PARCELLE I,69,Do you avoid mosquitos with other ways?,7,test,Mosquito Nets
789,36,PARCELLE I,69,Do you use spray to avoid mosquitos?,0,test,Mosquito Nets
790,36,PARCELLE I,69,Do you remove puddles to avoid mosquitos?,0,test,Mosquito Nets
791,36,PARCELLE I,69,Do you remove mosquito bushes to avoid mosquitos?,0,test,Mosquito Nets
792,36,PARCELLE I,69,Do you use repellent to avoid mosquitos?,0,test,Mosquito Nets
793,36,PARCELLE I,69,Do you use a mosquito net when you sleep?,59,test,Mosquito Nets
794,36,PARCELLE I,69,How many mosquito nets do you have?,2.797101449,test,Mosquito Nets
795,36,PARCELLE I,69,People who have not responded to where they got their nets,65,test,Mosquito Nets
796,36,PARCELLE I,69,People who got their nets from a street/shop/market,3,test,Mosquito Nets
797,36,PARCELLE I,69,People who got their net from a community officer,NA,test,Mosquito Nets
798,36,PARCELLE I,69,People who dont know where they got their nets,NA,test,Mosquito Nets
799,36,PARCELLE I,69,People who got their net from a public health center,NA,test,Mosquito Nets
800,36,PARCELLE I,69,People who got their net from other places,1,test,Mosquito Nets
801,36,PARCELLE I,69,People who got their net from a private health center,NA,test,Mosquito Nets
802,36,PARCELLE I,69,People who got their net through an MID campaign,64,test,Mosquito Nets
803,36,PARCELLE I,69,People who did not get a net,4,test,Mosquito Nets
804,36,PARCELLE I,69,People who got a net through CPN,1,test,Mosquito Nets
805,36,PARCELLE I,69,People who got a net through a vaccination visit,NA,test,Mosquito Nets
806,36,PARCELLE I,69,People who dont know where they got their net,NA,test,Mosquito Nets
807,36,PARCELLE I,69,People who use Permanet brand,64,test,Mosquito Nets
808,36,PARCELLE I,69,People who use other brands,NA,test,Mosquito Nets
809,36,PARCELLE I,69,People who use Yorkool,2,test,Mosquito Nets
810,36,PARCELLE I,69,People who use Super Moustiquaire,NA,test,Mosquito Nets
811,36,PARCELLE I,69,People who use Tsaralay,NA,test,Mosquito Nets
812,36,PARCELLE I,69,People who dont know what brand they use,1,test,Mosquito Nets
813,36,PARCELLE I,69,People who use Royal Sentry,NA,test,Mosquito Nets
814,36,PARCELLE I,69,People who use Olyset,2,test,Mosquito Nets
815,36,PARCELLE I,69,People who use Bestnet,NA,test,Mosquito Nets
816,36,PARCELLE I,69,People who use interceptor,NA,test,Mosquito Nets
817,4,PARCELLE I,137,Do you have a mosquito net?,137,test,Mosquito Nets
818,4,PARCELLE I,137,Do you own a net to scare mosquitos?,135,test,Mosquito Nets
819,4,PARCELLE I,137,Do you own a net to fish?,0,test,Mosquito Nets
820,4,PARCELLE I,137,Do you own a net to catch poultry?,0,test,Mosquito Nets
821,4,PARCELLE I,137,Do you own a net for other reasons?,6,test,Mosquito Nets
822,4,PARCELLE I,137,Do you avoid mosquitos with other ways?,2,test,Mosquito Nets
823,4,PARCELLE I,137,Do you use spray to avoid mosquitos?,0,test,Mosquito Nets
824,4,PARCELLE I,137,Do you remove puddles to avoid mosquitos?,0,test,Mosquito Nets
825,4,PARCELLE I,137,Do you remove mosquito bushes to avoid mosquitos?,0,test,Mosquito Nets
826,4,PARCELLE I,137,Do you use repellent to avoid mosquitos?,0,test,Mosquito Nets
827,4,PARCELLE I,137,Do you use a mosquito net when you sleep?,129,test,Mosquito Nets
828,4,PARCELLE I,137,How many mosquito nets do you have?,2.576642336,test,Mosquito Nets
829,4,PARCELLE I,137,People who have not responded to where they got their nets,135,test,Mosquito Nets
830,4,PARCELLE I,137,People who got their nets from a street/shop/market,2,test,Mosquito Nets
831,4,PARCELLE I,137,People who got their net from a community officer,NA,test,Mosquito Nets
832,4,PARCELLE I,137,People who dont know where they got their nets,NA,test,Mosquito Nets
833,4,PARCELLE I,137,People who got their net from a public health center,NA,test,Mosquito Nets
834,4,PARCELLE I,137,People who got their net from other places,NA,test,Mosquito Nets
835,4,PARCELLE I,137,People who got their net from a private health center,NA,test,Mosquito Nets
836,4,PARCELLE I,137,People who got their net through an MID campaign,135,test,Mosquito Nets
837,4,PARCELLE I,137,People who did not get a net,2,test,Mosquito Nets
838,4,PARCELLE I,137,People who got a net through CPN,NA,test,Mosquito Nets
839,4,PARCELLE I,137,People who got a net through a vaccination visit,NA,test,Mosquito Nets
840,4,PARCELLE I,137,People who dont know where they got their net,NA,test,Mosquito Nets
841,4,PARCELLE I,137,People who use Permanet brand,100,test,Mosquito Nets
842,4,PARCELLE I,137,People who use other brands,1,test,Mosquito Nets
843,4,PARCELLE I,137,People who use Yorkool,13,test,Mosquito Nets
844,4,PARCELLE I,137,People who use Super Moustiquaire,15,test,Mosquito Nets
845,4,PARCELLE I,137,People who use Tsaralay,NA,test,Mosquito Nets
846,4,PARCELLE I,137,People who dont know what brand they use,5,test,Mosquito Nets
847,4,PARCELLE I,137,People who use Royal Sentry,NA,test,Mosquito Nets
848,4,PARCELLE I,137,People who use Olyset,3,test,Mosquito Nets
849,4,PARCELLE I,137,People who use Bestnet,NA,test,Mosquito Nets
850,4,PARCELLE I,137,People who use interceptor,NA,test,Mosquito Nets
851,5,PARCELLE I,118,Do you have a mosquito net?,118,test,Mosquito Nets
852,5,PARCELLE I,118,Do you own a net to scare mosquitos?,117,test,Mosquito Nets
853,5,PARCELLE I,118,Do you own a net to fish?,0,test,Mosquito Nets
854,5,PARCELLE I,118,Do you own a net to catch poultry?,4,test,Mosquito Nets
855,5,PARCELLE I,118,Do you own a net for other reasons?,13,test,Mosquito Nets
856,5,PARCELLE I,118,Do you avoid mosquitos with other ways?,0,test,Mosquito Nets
857,5,PARCELLE I,118,Do you use spray to avoid mosquitos?,0,test,Mosquito Nets
858,5,PARCELLE I,118,Do you remove puddles to avoid mosquitos?,0,test,Mosquito Nets
859,5,PARCELLE I,118,Do you remove mosquito bushes to avoid mosquitos?,0,test,Mosquito Nets
860,5,PARCELLE I,118,Do you use repellent to avoid mosquitos?,0,test,Mosquito Nets
861,5,PARCELLE I,118,Do you use a mosquito net when you sleep?,105,test,Mosquito Nets
862,5,PARCELLE I,118,How many mosquito nets do you have?,1.881355932,test,Mosquito Nets
863,5,PARCELLE I,118,People who have not responded to where they got their nets,118,test,Mosquito Nets
864,5,PARCELLE I,118,People who got their nets from a street/shop/market,NA,test,Mosquito Nets
865,5,PARCELLE I,118,People who got their net from a community officer,NA,test,Mosquito Nets
866,5,PARCELLE I,118,People who dont know where they got their nets,NA,test,Mosquito Nets
867,5,PARCELLE I,118,People who got their net from a public health center,NA,test,Mosquito Nets
868,5,PARCELLE I,118,People who got their net from other places,NA,test,Mosquito Nets
869,5,PARCELLE I,118,People who got their net from a private health center,NA,test,Mosquito Nets
870,5,PARCELLE I,118,People who got their net through an MID campaign,118,test,Mosquito Nets
871,5,PARCELLE I,118,People who did not get a net,NA,test,Mosquito Nets
872,5,PARCELLE I,118,People who got a net through CPN,NA,test,Mosquito Nets
873,5,PARCELLE I,118,People who got a net through a vaccination visit,NA,test,Mosquito Nets
874,5,PARCELLE I,118,People who dont know where they got their net,NA,test,Mosquito Nets
875,5,PARCELLE I,118,People who use Permanet brand,110,test,Mosquito Nets
876,5,PARCELLE I,118,People who use other brands,NA,test,Mosquito Nets
877,5,PARCELLE I,118,People who use Yorkool,NA,test,Mosquito Nets
878,5,PARCELLE I,118,People who use Super Moustiquaire,1,test,Mosquito Nets
879,5,PARCELLE I,118,People who use Tsaralay,NA,test,Mosquito Nets
880,5,PARCELLE I,118,People who dont know what brand they use,7,test,Mosquito Nets
881,5,PARCELLE I,118,People who use Royal Sentry,NA,test,Mosquito Nets
882,5,PARCELLE I,118,People who use Olyset,NA,test,Mosquito Nets
883,5,PARCELLE I,118,People who use Bestnet,NA,test,Mosquito Nets
884,5,PARCELLE I,118,People who use interceptor,NA,test,Mosquito Nets
885,6,PARCELLE I,36,Do you have a mosquito net?,36,test,Mosquito Nets
886,6,PARCELLE I,36,Do you own a net to scare mosquitos?,36,test,Mosquito Nets
887,6,PARCELLE I,36,Do you own a net to fish?,0,test,Mosquito Nets
888,6,PARCELLE I,36,Do you own a net to catch poultry?,0,test,Mosquito Nets
889,6,PARCELLE I,36,Do you own a net for other reasons?,0,test,Mosquito Nets
890,6,PARCELLE I,36,Do you avoid mosquitos with other ways?,0,test,Mosquito Nets
891,6,PARCELLE I,36,Do you use spray to avoid mosquitos?,0,test,Mosquito Nets
892,6,PARCELLE I,36,Do you remove puddles to avoid mosquitos?,0,test,Mosquito Nets
893,6,PARCELLE I,36,Do you remove mosquito bushes to avoid mosquitos?,0,test,Mosquito Nets
894,6,PARCELLE I,36,Do you use repellent to avoid mosquitos?,0,test,Mosquito Nets
895,6,PARCELLE I,36,Do you use a mosquito net when you sleep?,36,test,Mosquito Nets
896,6,PARCELLE I,36,How many mosquito nets do you have?,2.5,test,Mosquito Nets
897,6,PARCELLE I,36,People who have not responded to where they got their nets,32,test,Mosquito Nets
898,6,PARCELLE I,36,People who got their nets from a street/shop/market,4,test,Mosquito Nets
899,6,PARCELLE I,36,People who got their net from a community officer,NA,test,Mosquito Nets
900,6,PARCELLE I,36,People who dont know where they got their nets,NA,test,Mosquito Nets
901,6,PARCELLE I,36,People who got their net from a public health center,NA,test,Mosquito Nets
902,6,PARCELLE I,36,People who got their net from other places,NA,test,Mosquito Nets
903,6,PARCELLE I,36,People who got their net from a private health center,NA,test,Mosquito Nets
904,6,PARCELLE I,36,People who got their net through an MID campaign,32,test,Mosquito Nets
905,6,PARCELLE I,36,People who did not get a net,4,test,Mosquito Nets
906,6,PARCELLE I,36,People who got a net through CPN,NA,test,Mosquito Nets
907,6,PARCELLE I,36,People who got a net through a vaccination visit,NA,test,Mosquito Nets
908,6,PARCELLE I,36,People who dont know where they got their net,NA,test,Mosquito Nets
909,6,PARCELLE I,36,People who use Permanet brand,34,test,Mosquito Nets
910,6,PARCELLE I,36,People who use other brands,NA,test,Mosquito Nets
911,6,PARCELLE I,36,People who use Yorkool,1,test,Mosquito Nets
912,6,PARCELLE I,36,People who use Super Moustiquaire,1,test,Mosquito Nets
913,6,PARCELLE I,36,People who use Tsaralay,NA,test,Mosquito Nets
914,6,PARCELLE I,36,People who dont know what brand they use,NA,test,Mosquito Nets
915,6,PARCELLE I,36,People who use Royal Sentry,NA,test,Mosquito Nets
916,6,PARCELLE I,36,People who use Olyset,NA,test,Mosquito Nets
917,6,PARCELLE I,36,People who use Bestnet,NA,test,Mosquito Nets
918,6,PARCELLE I,36,People who use interceptor,NA,test,Mosquito Nets
919,7,PARCELLE I,50,Do you have a mosquito net?,50,test,Mosquito Nets
920,7,PARCELLE I,50,Do you own a net to scare mosquitos?,50,test,Mosquito Nets
921,7,PARCELLE I,50,Do you own a net to fish?,3,test,Mosquito Nets
922,7,PARCELLE I,50,Do you own a net to catch poultry?,2,test,Mosquito Nets
923,7,PARCELLE I,50,Do you own a net for other reasons?,3,test,Mosquito Nets
924,7,PARCELLE I,50,Do you avoid mosquitos with other ways?,1,test,Mosquito Nets
925,7,PARCELLE I,50,Do you use spray to avoid mosquitos?,0,test,Mosquito Nets
926,7,PARCELLE I,50,Do you remove puddles to avoid mosquitos?,0,test,Mosquito Nets
927,7,PARCELLE I,50,Do you remove mosquito bushes to avoid mosquitos?,0,test,Mosquito Nets
928,7,PARCELLE I,50,Do you use repellent to avoid mosquitos?,0,test,Mosquito Nets
929,7,PARCELLE I,50,Do you use a mosquito net when you sleep?,49,test,Mosquito Nets
930,7,PARCELLE I,50,How many mosquito nets do you have?,2.6,test,Mosquito Nets
931,7,PARCELLE I,50,People who have not responded to where they got their nets,49,test,Mosquito Nets
932,7,PARCELLE I,50,People who got their nets from a street/shop/market,1,test,Mosquito Nets
933,7,PARCELLE I,50,People who got their net from a community officer,NA,test,Mosquito Nets
934,7,PARCELLE I,50,People who dont know where they got their nets,NA,test,Mosquito Nets
935,7,PARCELLE I,50,People who got their net from a public health center,NA,test,Mosquito Nets
936,7,PARCELLE I,50,People who got their net from other places,NA,test,Mosquito Nets
937,7,PARCELLE I,50,People who got their net from a private health center,NA,test,Mosquito Nets
938,7,PARCELLE I,50,People who got their net through an MID campaign,49,test,Mosquito Nets
939,7,PARCELLE I,50,People who did not get a net,1,test,Mosquito Nets
940,7,PARCELLE I,50,People who got a net through CPN,NA,test,Mosquito Nets
941,7,PARCELLE I,50,People who got a net through a vaccination visit,NA,test,Mosquito Nets
942,7,PARCELLE I,50,People who dont know where they got their net,NA,test,Mosquito Nets
943,7,PARCELLE I,50,People who use Permanet brand,49,test,Mosquito Nets
944,7,PARCELLE I,50,People who use other brands,NA,test,Mosquito Nets
945,7,PARCELLE I,50,People who use Yorkool,NA,test,Mosquito Nets
946,7,PARCELLE I,50,People who use Super Moustiquaire,1,test,Mosquito Nets
947,7,PARCELLE I,50,People who use Tsaralay,NA,test,Mosquito Nets
948,7,PARCELLE I,50,People who dont know what brand they use,NA,test,Mosquito Nets
949,7,PARCELLE I,50,People who use Royal Sentry,NA,test,Mosquito Nets
950,7,PARCELLE I,50,People who use Olyset,NA,test,Mosquito Nets
951,7,PARCELLE I,50,People who use Bestnet,NA,test,Mosquito Nets
952,7,PARCELLE I,50,People who use interceptor,NA,test,Mosquito Nets
953,8,PARCELLE I,46,Do you have a mosquito net?,46,test,Mosquito Nets
954,8,PARCELLE I,46,Do you own a net to scare mosquitos?,46,test,Mosquito Nets
955,8,PARCELLE I,46,Do you own a net to fish?,0,test,Mosquito Nets
956,8,PARCELLE I,46,Do you own a net to catch poultry?,0,test,Mosquito Nets
957,8,PARCELLE I,46,Do you own a net for other reasons?,0,test,Mosquito Nets
958,8,PARCELLE I,46,Do you avoid mosquitos with other ways?,0,test,Mosquito Nets
959,8,PARCELLE I,46,Do you use spray to avoid mosquitos?,0,test,Mosquito Nets
960,8,PARCELLE I,46,Do you remove puddles to avoid mosquitos?,0,test,Mosquito Nets
961,8,PARCELLE I,46,Do you remove mosquito bushes to avoid mosquitos?,0,test,Mosquito Nets
962,8,PARCELLE I,46,Do you use repellent to avoid mosquitos?,0,test,Mosquito Nets
963,8,PARCELLE I,46,Do you use a mosquito net when you sleep?,44,test,Mosquito Nets
964,8,PARCELLE I,46,How many mosquito nets do you have?,2.130434783,test,Mosquito Nets
965,8,PARCELLE I,46,People who have not responded to where they got their nets,45,test,Mosquito Nets
966,8,PARCELLE I,46,People who got their nets from a street/shop/market,1,test,Mosquito Nets
967,8,PARCELLE I,46,People who got their net from a community officer,NA,test,Mosquito Nets
968,8,PARCELLE I,46,People who dont know where they got their nets,NA,test,Mosquito Nets
969,8,PARCELLE I,46,People who got their net from a public health center,NA,test,Mosquito Nets
970,8,PARCELLE I,46,People who got their net from other places,NA,test,Mosquito Nets
971,8,PARCELLE I,46,People who got their net from a private health center,NA,test,Mosquito Nets
972,8,PARCELLE I,46,People who got their net through an MID campaign,45,test,Mosquito Nets
973,8,PARCELLE I,46,People who did not get a net,1,test,Mosquito Nets
974,8,PARCELLE I,46,People who got a net through CPN,NA,test,Mosquito Nets
975,8,PARCELLE I,46,People who got a net through a vaccination visit,NA,test,Mosquito Nets
976,8,PARCELLE I,46,People who dont know where they got their net,NA,test,Mosquito Nets
977,8,PARCELLE I,46,People who use Permanet brand,42,test,Mosquito Nets
978,8,PARCELLE I,46,People who use other brands,1,test,Mosquito Nets
979,8,PARCELLE I,46,People who use Yorkool,NA,test,Mosquito Nets
980,8,PARCELLE I,46,People who use Super Moustiquaire,NA,test,Mosquito Nets
981,8,PARCELLE I,46,People who use Tsaralay,NA,test,Mosquito Nets
982,8,PARCELLE I,46,People who dont know what brand they use,3,test,Mosquito Nets
983,8,PARCELLE I,46,People who use Royal Sentry,NA,test,Mosquito Nets
984,8,PARCELLE I,46,People who use Olyset,NA,test,Mosquito Nets
985,8,PARCELLE I,46,People who use Bestnet,NA,test,Mosquito Nets
986,8,PARCELLE I,46,People who use interceptor,NA,test,Mosquito Nets
987,9,PARCELLE I,109,Do you have a mosquito net?,109,test,Mosquito Nets
988,9,PARCELLE I,109,Do you own a net to scare mosquitos?,109,test,Mosquito Nets
989,9,PARCELLE I,109,Do you own a net to fish?,2,test,Mosquito Nets
990,9,PARCELLE I,109,Do you own a net to catch poultry?,1,test,Mosquito Nets
991,9,PARCELLE I,109,Do you own a net for other reasons?,13,test,Mosquito Nets
992,9,PARCELLE I,109,Do you avoid mosquitos with other ways?,2,test,Mosquito Nets
993,9,PARCELLE I,109,Do you use spray to avoid mosquitos?,0,test,Mosquito Nets
994,9,PARCELLE I,109,Do you remove puddles to avoid mosquitos?,0,test,Mosquito Nets
995,9,PARCELLE I,109,Do you remove mosquito bushes to avoid mosquitos?,0,test,Mosquito Nets
996,9,PARCELLE I,109,Do you use repellent to avoid mosquitos?,0,test,Mosquito Nets
997,9,PARCELLE I,109,Do you use a mosquito net when you sleep?,101,test,Mosquito Nets
998,9,PARCELLE I,109,How many mosquito nets do you have?,2.211009174,test,Mosquito Nets
999,9,PARCELLE I,109,People who have not responded to where they got their nets,106,test,Mosquito Nets
1000,9,PARCELLE I,109,People who got their nets from a street/shop/market,1,test,Mosquito Nets
1001,9,PARCELLE I,109,People who got their net from a community officer,NA,test,Mosquito Nets
1002,9,PARCELLE I,109,People who dont know where they got their nets,2,test,Mosquito Nets
1003,9,PARCELLE I,109,People who got their net from a public health center,NA,test,Mosquito Nets
1004,9,PARCELLE I,109,People who got their net from other places,NA,test,Mosquito Nets
1005,9,PARCELLE I,109,People who got their net from a private health center,NA,test,Mosquito Nets
1006,9,PARCELLE I,109,People who got their net through an MID campaign,105,test,Mosquito Nets
1007,9,PARCELLE I,109,People who did not get a net,NA,test,Mosquito Nets
1008,9,PARCELLE I,109,People who got a net through CPN,NA,test,Mosquito Nets
1009,9,PARCELLE I,109,People who got a net through a vaccination visit,1,test,Mosquito Nets
1010,9,PARCELLE I,109,People who dont know where they got their net,3,test,Mosquito Nets
1011,9,PARCELLE I,109,People who use Permanet brand,4,test,Mosquito Nets
1012,9,PARCELLE I,109,People who use other brands,97,test,Mosquito Nets
1013,9,PARCELLE I,109,People who use Yorkool,NA,test,Mosquito Nets
1014,9,PARCELLE I,109,People who use Super Moustiquaire,NA,test,Mosquito Nets
1015,9,PARCELLE I,109,People who use Tsaralay,NA,test,Mosquito Nets
1016,9,PARCELLE I,109,People who dont know what brand they use,8,test,Mosquito Nets
1017,9,PARCELLE I,109,People who use Royal Sentry,NA,test,Mosquito Nets
1018,9,PARCELLE I,109,People who use Olyset,NA,test,Mosquito Nets
1019,9,PARCELLE I,109,People who use Bestnet,NA,test,Mosquito Nets
1020,9,PARCELLE I,109,People who use interceptor,NA,test,Mosquito Nets
